listing_id,listed_date,district,rooms,area_m2,floor,total_floors,year_built,building_type,ceiling_height_m,price_kzt,area_before_fix,price_per_m2
ALM-10565,2026-01-01,Alatau,2.0,65.9,9.0,12,1980.0,panel,,28410000.0,65.9,431107.7389984825
ALM-10005,2026-01-01,Medeu,1.0,39.9,1.0,12,2006.0,monolith,2.72,40720000.0,39.9,1020551.3784461153
ALM-10910,2026-01-01,,3.0,736.0,3.0,20,,monolith,2.81,54050000.0,736.0,73437.5
ALM-10270,2026-01-01,Bostandyk,2.0,49.7,7.0,12,2017.0,monolith,2.73,55950000.0,49.7,1125754.5271629777
ALM-10119,2026-01-01,Medeu,2.0,50.5,5.0,5,1966.0,brick,2.93,52620000.0,50.5,1041980.198019802
ALM-10217,2026-01-01,Almaly,3.0,77.4,9.0,12,1964.0,panel,2.68,63800000.0,77.4,824289.4056847545
ALM-10223,2026-01-02,Auezov,2.0,63.6,7.0,9,2019.0,monolith,2.86,44300000.0,63.6,696540.8805031446
ALM-10286,2026-01-03,Almaly,4.0,120.4,7.0,9,1967.0,panel,2.51,102500000.0,120.4,851328.903654485
ALM-10729,2026-01-03,Alatau,2.0,62.5,,12,1976.0,panel,2.67,30130000.0,62.5,482080.0
ALM-10356,2026-01-03,Almaly,3.0,82.9,2.0,4,2002.0,brick,,68670000.0,82.9,828347.4065138721
ALM-10029,2026-01-03,Auezov,3.0,79.7,12.0,12,2018.0,monolith,2.88,61280000.0,79.7,768883.3124215809
ALM-10244,2026-01-04,,2.0,53.9,3.0,5,1985.0,brick,2.96,62330000.0,53.9,1156400.742115028
ALM-10316,2026-01-04,Medeu,1.0,38.2,5.0,9,2000.0,brick,3.01,46460000.0,38.2,1216230.3664921464
ALM-10372,2026-01-04,Bostandyk,3.0,78.2,9.0,9,1981.0,panel,2.55,61070000.0,78.2,780946.2915601023
ALM-10934,2026-01-05,Nauryzbay,3.0,69.9,3.0,12,1988.0,panel,2.57,31370000.0,69.9,448783.9771101573
ALM-10952,2026-01-05,,3.0,80.4,9.0,20,2010.0,monolith,2.84,57310000.0,80.4,712810.9452736318
ALM-11054,2026-01-05,Auezov,4.0,98.6,4.0,4,1968.0,brick,,63860000.0,98.6,647667.3427991887
ALM-10587,2026-01-05,Turksib,2.0,55.0,8.0,9,1987.0,panel,,27310000.0,55.0,496545.45454545453
ALM-10213,2026-01-05,Bostandyk,3.0,72.4,5.0,5,1988.0,brick,3.02,69360000.0,72.4,958011.0497237568
ALM-10235,2026-01-06,Alatau,3.0,67.6,7.0,9,1976.0,panel,,27360000.0,67.6,404733.72781065095
ALM-10051,2026-01-06,Auezov,3.0,79.1,3.0,3,1991.0,brick,,48660000.0,79.1,615170.6700379268
ALM-10089,2026-01-06,Turksib,2.0,57.5,13.0,25,2007.0,monolith,2.91,36020000.0,57.5,626434.7826086957
ALM-10232,2026-01-06,Bostandyk,1.0,44.9,1.0,9,1981.0,panel,2.56,37410000.0,44.9,833184.855233853
ALM-10038,2026-01-06,Alatau,3.0,77.1,1.0,9,,monolith,2.85,40320000.0,77.1,522957.1984435798
ALM-10140,2026-01-07,Turksib,3.0,59.2,9.0,9,1972.0,panel,2.55,25300000.0,59.2,427364.86486486485
ALM-10802,2026-01-07,Alatau,2.0,54.0,2.0,9,2014.0,monolith,2.87,31150000.0,54.0,576851.8518518518
ALM-10912,2026-01-07,,4.0,99.4,3.0,4,1972.0,brick,3.03,53550000.0,99.4,538732.3943661972
ALM-11163,2026-01-08,Nauryzbay,1.0,32.3,6.0,25,2022.0,monolith,2.98,17700000.0,32.3,547987.6160990712
ALM-10249,2026-01-08,Bostandyk,2.0,50.3,3.0,4,1992.0,brick,3.11,48590000.0,50.3,966003.9761431412
ALM-10462,2026-01-09,Bostandyk,2.0,68.3,15.0,16,2022.0,monolith,2.89,78790000.0,68.3,1153587.1156661788
ALM-10161,2026-01-09,Nauryzbay,3.0,81.7,3.0,3,1974.0,brick,3.04,39000000.0,81.7,477356.1811505508
ALM-10581,2026-01-09,Bostandyk,3.0,68.6,4.0,9,2016.0,monolith,2.77,67560000.0,68.6,984839.6501457727
ALM-10190,2026-01-09,,2.0,51.1,8.0,9,1984.0,brick,2.99,25550000.0,51.1,500000.0
ALM-10393,2026-01-09,Nauryzbay,2.0,62.3,6.0,12,1975.0,panel,2.56,29470000.0,62.3,473033.7078651686
ALM-10473,2026-01-10,Alatau,3.0,75.7,7.0,12,1976.0,panel,2.54,32760000.0,75.7,432760.8982826948
ALM-10503,2026-01-10,Almaly,1.0,41.2,4.0,12,1972.0,panel,2.63,35490000.0,41.2,861407.7669902912
ALM-10760,2026-01-10,Auezov,2.0,62.1,14.0,16,2013.0,monolith,2.94,42460000.0,62.1,683735.9098228663
ALM-10365,2026-01-11,Bostandyk,4.0,106.5,1.0,5,1969.0,brick,3.12,88320000.0,106.5,829295.7746478873
ALM-10715,2026-01-11,Almaly,1.0,33.8,3.0,5,1996.0,brick,2.74,28090000.0,33.8,831065.0887573966
ALM-10389,2026-01-11,Turksib,2.0,64.8,1.0,9,1980.0,panel,2.6,26670000.0,64.8,411574.0740740741
ALM-10648,2026-01-11,Nauryzbay,4.0,112.3,18.0,25,2021.0,monolith,2.98,62870000.0,112.3,559839.715048976
ALM-10143,2026-01-12,Zhetysu,3.0,81.3,4.0,5,1977.0,panel,2.64,46050000.0,81.3,566420.6642066421
ALM-10764,2026-01-13,Medeu,3.0,76.9,1.0,5,1958.0,brick,2.7,86140000.0,76.9,1120156.0468140442
ALM-10175,2026-01-13,Turksib,1.0,47.9,4.0,5,1968.0,panel,2.64,22550000.0,47.9,470772.4425887265
ALM-10939,2026-01-13,Turksib,3.0,79.7,-1.0,5,1966.0,panel,2.67,41100000.0,79.7,515683.81430363865
ALM-10520,2026-01-14,,2.0,50.3,1.0,3,1995.0,brick,3.17,55060000.0,50.3,1094632.2067594435
ALM-10708,2026-01-14,Alatau,1.0,38.2,6.0,9,1972.0,brick,2.83,17940000.0,38.2,469633.5078534031
ALM-10962,2026-01-14,Medeu,3.0,77.0,11.0,20,2012.0,monolith,2.96,94030000.0,77.0,1221168.831168831
ALM-10348,2026-01-14,Alatau,2.0,61.3,4.0,5,1974.0,brick,3.15,34470000.0,61.3,562316.4763458401
ALM-10946,2026-01-14,,1.0,43.0,2.0,5,1980.0,panel,,19890000.0,43.0,462558.1395348837
ALM-11070,2026-01-14,Bostandyk,2.0,59.1,7.0,9,2011.0,monolith,2.82,59020000.0,59.1,998646.3620981388
ALM-10225,2026-01-15,Nauryzbay,2.0,50.1,7.0,9,1970.0,brick,3.02,24600000.0,50.1,491017.9640718563
ALM-10598,2026-01-15,Zhetysu,2.0,60.9,10.0,12,1991.0,panel,2.51,35380000.0,60.9,580952.380952381
ALM-11030,2026-01-15,Nauryzbay,3.0,85.5,3.0,12,2023.0,monolith,2.88,42940000.0,85.5,502222.22222222225
ALM-10171,2026-01-15,Medeu,1.0,39.6,3.0,9,1964.0,brick,3.2,45690000.0,39.6,1153787.8787878787
ALM-11048,2026-01-15,Turksib,2.0,49.9,4.0,9,1989.0,panel,2.56,24430000.0,49.9,489579.15831663326
ALM-11008,2026-01-15,Auezov,3.0,87.0,9.0,9,1966.0,panel,,47240000.0,87.0,542988.5057471264
ALM-10031,2026-01-15,Nauryzbay,2.0,58.6,5.0,5,1974.0,panel,2.67,24590000.0,58.6,419624.5733788396
ALM-10054,2026-01-16,Medeu,1.0,30.9,2.0,12,1983.0,panel,2.62,24480000.0,30.9,792233.009708738
ALM-10791,2026-01-16,Nauryzbay,3.0,83.8,-1.0,5,1983.0,brick,3.16,40170000.0,83.8,479355.6085918855
ALM-10824,2026-01-16,Turksib,3.0,61.2,10.0,12,1985.0,panel,2.62,30490000.0,61.2,498202.61437908496
ALM-10121,2026-01-17,Medeu,1.0,40.9,10.0,12,1986.0,panel,2.67,38610000.0,40.9,944009.7799511002
ALM-10649,2026-01-17,Almaly,2.0,44.1,3.0,4,1976.0,brick,,44740000.0,44.1,1014512.4716553288
ALM-10774,2026-01-17,Auezov,4.0,98.5,5.0,5,1952.0,brick,2.79,59540000.0,98.5,604467.0050761421
ALM-10434,2026-01-17,Turksib,4.0,119.5,17.0,20,2018.0,monolith,2.94,73800000.0,119.5,617573.2217573222
ALM-10987,2026-01-17,Bostandyk,3.0,100.9,2.0,5,1953.0,brick,2.72,96760000.0,100.9,958969.2765113973
ALM-10566,2026-01-18,Bostandyk,2.0,69.2,4.0,5,2000.0,brick,2.94,70120000.0,69.2,1013294.7976878613
ALM-11027,2026-01-19,Alatau,2.0,60.2,1.0,3,1971.0,brick,3.14,36340000.0,60.2,603654.4850498339
ALM-10009,2026-01-19,,1.0,33.4,2.0,9,1992.0,brick,3.19,39400000.0,33.4,1179640.7185628742
ALM-11162,2026-01-19,Alatau,2.0,73.0,5.0,12,2010.0,monolith,2.97,42980000.0,73.0,588767.1232876712
ALM-10357,2026-01-19,Auezov,1.0,39.8,6.0,9,1986.0,brick,2.96,26130000.0,39.8,656532.6633165829
ALM-10394,2026-01-19,Turksib,2.0,50.4,14.0,20,2021.0,monolith,2.81,28250000.0,50.4,560515.873015873
ALM-10709,2026-01-20,Medeu,1.0,43.4,4.0,5,1980.0,panel,2.68,37450000.0,43.4,862903.2258064516
ALM-10906,2026-01-20,Turksib,2.0,55.5,22.0,25,2018.0,monolith,2.92,35880000.0,55.5,646486.4864864865
ALM-10037,2026-01-20,Medeu,2.0,49.8,3.0,5,1979.0,panel,2.62,55580000.0,49.8,1116064.2570281124
ALM-10920,2026-01-20,Alatau,2.0,48.8,3.0,5,1999.0,brick,,24630000.0,48.8,504713.1147540984
ALM-10807,2026-01-20,Bostandyk,2.0,60.5,1.0,20,2007.0,monolith,2.76,61590000.0,60.5,1018016.5289256198
ALM-10204,2026-01-20,Almaly,1.0,38.7,8.0,12,1977.0,panel,2.67,33930000.0,38.7,876744.1860465115
ALM-10994,2026-01-20,Almaly,4.0,95.0,5.0,5,,brick,2.81,82910000.0,95.0,872736.8421052631
ALM-10366,2026-01-20,Turksib,3.0,94.6,3.0,20,2024.0,monolith,2.91,53380000.0,94.6,564270.6131078225
ALM-10142,2026-01-20,Almaly,1.0,38.7,1.0,5,1978.0,panel,2.61,31680000.0,38.7,818604.6511627906
ALM-10039,2026-01-21,Turksib,3.0,88.6,3.0,5,1979.0,brick,2.73,43420000.0,88.6,490067.7200902935
ALM-10399,2026-01-21,,1.0,38.9,1.0,9,2011.0,monolith,2.81,19610000.0,38.9,504113.1105398458
ALM-10670,2026-01-22,Zhetysu,3.0,64.3,1.0,16,,monolith,2.99,40040000.0,64.3,622706.0653188181
ALM-10902,2026-01-22,Alatau,2.0,50.9,3.0,9,2023.0,monolith,2.84,25410000.0,50.9,499214.14538310416
ALM-10177,2026-01-22,Turksib,2.0,52.3,9.0,16,2006.0,monolith,2.97,32190000.0,52.3,615487.5717017208
ALM-10811,2026-01-22,Nauryzbay,2.0,62.1,6.0,9,1967.0,panel,2.53,25170000.0,62.1,405314.00966183573
ALM-10165,2026-01-22,Medeu,2.0,53.8,4.0,16,2016.0,monolith,2.92,69630000.0,53.8,1294237.9182156133
ALM-10281,2026-01-22,Nauryzbay,3.0,89.6,2.0,5,1967.0,panel,2.55,36840000.0,89.6,411160.7142857143
ALM-10892,2026-01-23,Alatau,1.0,45.2,6.0,9,1969.0,brick,3.08,22330000.0,45.2,494026.54867256636
ALM-10691,2026-01-23,Nauryzbay,2.0,52.2,21.0,25,2016.0,monolith,2.95,29510000.0,52.2,565325.6704980843
ALM-10862,2026-01-24,Zhetysu,3.0,81.9,3.0,9,1971.0,panel,2.63,54990000.0,81.9,671428.5714285714
ALM-10825,2026-01-24,Nauryzbay,1.0,30.9,4.0,9,2023.0,monolith,2.89,15730000.0,30.9,509061.4886731392
ALM-10826,2026-01-24,Alatau,2.0,67.3,7.0,9,,brick,,37830000.0,67.3,562109.955423477
ALM-10443,2026-01-24,Auezov,2.0,52.6,4.0,12,1965.0,panel,2.67,40070000.0,52.6,761787.072243346
ALM-11083,2026-01-24,Zhetysu,2.0,69.7,1.0,3,1973.0,brick,2.89,49580000.0,69.7,711334.2898134864
ALM-10179,2026-01-24,Medeu,1.0,34.6,18.0,25,2014.0,monolith,2.86,48720000.0,34.6,1408092.4855491328
ALM-10113,2026-01-24,Nauryzbay,3.0,81.4,11.0,12,1967.0,panel,2.58,33820000.0,81.4,415479.11547911545
ALM-10525,2026-01-25,Turksib,2.0,63.5,4.0,5,1958.0,brick,2.95,34710000.0,63.5,546614.1732283465
ALM-10409,2026-01-25,Auezov,2.0,67.9,6.0,9,2018.0,monolith,2.99,45830000.0,67.9,674963.1811487481
ALM-10280,2026-01-25,Turksib,3.0,69.0,2.0,5,,brick,,42420000.0,69.0,614782.6086956522
ALM-10406,2026-01-25,Bostandyk,1.0,27.5,10.0,25,2015.0,monolith,2.85,32770000.0,27.5,1191636.3636363635
ALM-10419,2026-01-25,Medeu,2.0,46.6,2.0,20,,monolith,2.74,49630000.0,46.6,1065021.459227468
ALM-10450,2026-01-25,Alatau,1.0,39.9,3.0,5,1962.0,panel,2.53,16170000.0,39.9,405263.15789473685
ALM-10632,2026-01-26,Zhetysu,3.0,76.8,2.0,3,1953.0,brick,2.92,52760000.0,76.8,686979.1666666667
ALM-10687,2026-01-26,Zhetysu,2.0,49.2,20.0,20,2011.0,monolith,2.71,31180000.0,49.2,633739.837398374
ALM-10684,2026-01-26,Bostandyk,4.0,94.2,2.0,5,1962.0,panel,2.52,85210000.0,94.2,904564.7558386412
ALM-10407,2026-01-26,Turksib,1.0,34.3,4.0,9,1952.0,brick,3.09,20110000.0,34.3,586297.3760932945
ALM-10314,2026-01-26,Zhetysu,1.0,35.7,5.0,5,1985.0,brick,,21000000.0,35.7,588235.294117647
ALM-10167,2026-01-26,Turksib,2.0,69.2,4.0,12,,panel,,32190000.0,69.2,465173.41040462424
ALM-10998,2026-01-26,Medeu,3.0,75.5,2.0,12,1975.0,panel,2.69,66510000.0,75.5,880927.1523178808
ALM-10478,2026-01-27,Alatau,3.0,68.1,4.0,9,,panel,2.64,31650000.0,68.1,464757.70925110136
ALM-10189,2026-01-27,Medeu,2.0,58.8,8.0,9,1978.0,brick,,59850000.0,58.8,1017857.142857143
ALM-10027,2026-01-27,Medeu,3.0,86.7,12.0,12,,monolith,2.9,100420000.0,86.7,1158246.8281430218
ALM-10662,2026-01-27,Zhetysu,4.0,77.4,12.0,16,2010.0,monolith,2.96,53280000.0,77.4,688372.0930232558
ALM-10079,2026-01-28,Bostandyk,3.0,86.6,1.0,4,1960.0,brick,2.89,77810000.0,86.6,898498.845265589
ALM-10666,2026-01-28,Medeu,1.0,42.1,5.0,5,1980.0,panel,2.54,37940000.0,42.1,901187.648456057
ALM-10176,2026-01-28,Medeu,3.0,54.7,6.0,9,1988.0,brick,3.13,66000000.0,54.7,1206581.352833638
ALM-10361,2026-01-29,,1.0,36.4,2.0,20,2008.0,monolith,2.81,21150000.0,36.4,581043.9560439561
ALM-10277,2026-01-29,Bostandyk,2.0,49.2,9.0,12,1989.0,panel,2.64,41630000.0,49.2,846138.2113821137
ALM-10084,2026-01-29,Zhetysu,3.0,73.0,12.0,12,1983.0,panel,,42730000.0,73.0,585342.4657534247
ALM-10016,2026-01-29,Auezov,1.0,39.7,13.0,25,2022.0,monolith,2.8,32100000.0,39.7,808564.2317380352
ALM-10523,2026-01-29,Nauryzbay,2.0,66.3,2.0,4,1998.0,brick,,31020000.0,66.3,467873.30316742085
ALM-10538,2026-01-29,Auezov,2.0,45.7,5.0,5,2002.0,brick,2.85,28140000.0,45.7,615754.9234135667
ALM-10904,2026-01-29,Zhetysu,3.0,77.2,1.0,12,2016.0,monolith,2.79,48380000.0,77.2,626683.9378238341
ALM-10930,2026-01-30,Medeu,1.0,45.8,4.0,5,1971.0,panel,2.63,45000000.0,45.8,982532.7510917031
ALM-11032,2026-01-30,Auezov,2.0,57.0,4.0,9,1962.0,panel,2.67,37740000.0,57.0,662105.2631578947
ALM-10518,2026-01-30,Bostandyk,1.0,32.4,11.0,12,1977.0,panel,2.65,28940000.0,32.4,893209.8765432099
ALM-10759,2026-01-30,Alatau,2.0,56.8,7.0,9,2012.0,monolith,2.98,29550000.0,56.8,520246.4788732395
ALM-10422,2026-01-30,Turksib,2.0,54.5,25.0,25,2008.0,monolith,2.8,32330000.0,54.5,593211.0091743119
ALM-10702,2026-01-30,Nauryzbay,4.0,105.9,9.0,9,1990.0,panel,2.67,47130000.0,105.9,445042.492917847
ALM-10739,2026-01-31,Auezov,3.0,73.8,1.0,9,2005.0,brick,3.15,47730000.0,73.8,646747.9674796748
ALM-10835,2026-01-31,Auezov,1.0,46.6,7.0,9,2017.0,monolith,2.91,36150000.0,46.6,775751.0729613734
ALM-10737,2026-01-31,Almaly,1.0,43.7,4.0,9,1982.0,brick,,42410000.0,43.7,970480.5491990846
ALM-10328,2026-01-31,Almaly,4.0,112.0,12.0,16,2006.0,monolith,2.81,125100000.0,112.0,1116964.2857142857
ALM-10556,2026-01-31,Medeu,2.0,59.4,2.0,3,1997.0,brick,3.12,67920000.0,59.4,1143434.3434343433
ALM-11060,2026-01-31,Auezov,2.0,53.3,5.0,12,1966.0,panel,2.53,30740000.0,53.3,576735.459662289
ALM-11010,2026-01-31,Bostandyk,2.0,48.2,7.0,9,1982.0,panel,2.63,38740000.0,48.2,803734.4398340249
ALM-11041,2026-02-01,Nauryzbay,3.0,95.4,3.0,12,1968.0,panel,,43050000.0,95.4,451257.8616352201
ALM-11171,2026-02-01,Auezov,4.0,107.4,1.0,5,1982.0,panel,2.61,57370000.0,107.4,534171.322160149
ALM-10164,2026-02-01,Almaly,2.0,51.9,1.0,5,2001.0,brick,2.78,45480000.0,51.9,876300.5780346821
ALM-10785,2026-02-01,Almaly,2.0,49.9,16.0,20,2024.0,monolith,2.93,52330000.0,49.9,1048697.394789579
ALM-10885,2026-02-01,Almaly,4.0,111.0,9.0,25,2023.0,monolith,2.83,118740000.0,111.0,1069729.7297297297
ALM-10787,2026-02-01,Alatau,4.0,103.2,5.0,5,1990.0,panel,2.53,46030000.0,103.2,446027.1317829457
ALM-10693,2026-02-02,Turksib,4.0,89.6,12.0,12,1970.0,panel,,38470000.0,89.6,429352.6785714286
ALM-10918,2026-02-02,Medeu,3.0,84.4,2.0,9,1978.0,brick,2.9,84070000.0,84.4,996090.0473933648
ALM-10944,2026-02-02,Bostandyk,4.0,92.0,,3,,brick,2.84,77390000.0,92.0,841195.6521739131
ALM-10350,2026-02-03,Auezov,2.0,54.0,12.0,12,1965.0,panel,,32620000.0,54.0,604074.074074074
ALM-10152,2026-02-03,Medeu,1.0,41.0,8.0,12,,panel,2.52,34700000.0,41.0,846341.4634146341
ALM-11079,2026-02-03,Turksib,2.0,54.6,18.0,20,2017.0,monolith,2.89,32060000.0,54.6,587179.4871794871
ALM-11089,2026-02-05,Zhetysu,2.0,48.8,5.0,9,2018.0,monolith,2.78,34000000.0,48.8,696721.3114754099
ALM-10408,2026-02-05,Almaly,4.0,102.1,12.0,25,2011.0,monolith,2.71,91510000.0,102.1,896278.1586679727
ALM-10779,2026-02-05,Auezov,3.0,87.0,1.0,5,1972.0,panel,2.51,41500000.0,87.0,477011.4942528736
ALM-11150,2026-02-05,Zhetysu,3.0,72.4,2.0,3,1977.0,brick,3.09,50990000.0,72.4,704281.7679558011
ALM-11043,2026-02-06,Medeu,3.0,63.0,6.0,9,1965.0,brick,2.95,74790000.0,63.0,1187142.857142857
ALM-10335,2026-02-06,Turksib,2.0,45.3,8.0,12,1963.0,panel,2.55,22610000.0,45.3,499116.99779249454
ALM-10276,2026-02-06,Turksib,2.0,604.0,15.0,16,2008.0,monolith,2.99,33630000.0,604.0,55678.807947019865
ALM-11164,2026-02-07,Turksib,2.0,42.5,12.0,12,1980.0,panel,2.51,17260000.0,42.5,406117.64705882355
ALM-10682,2026-02-07,Nauryzbay,4.0,113.8,1.0,9,2012.0,monolith,2.73,63580000.0,113.8,558699.4727592267
ALM-10188,2026-02-07,Turksib,1.0,36.1,10.0,12,1981.0,panel,2.59,13930000.0,36.1,385872.5761772853
ALM-10537,2026-02-07,Zhetysu,1.0,42.0,2.0,5,1979.0,brick,3.0,25920000.0,42.0,617142.8571428572
ALM-10795,2026-02-08,Almaly,2.0,59.8,4.0,9,1974.0,panel,2.65,44280000.0,59.8,740468.2274247492
ALM-10056,2026-02-08,Bostandyk,4.0,107.2,9.0,9,2006.0,monolith,2.81,101060000.0,107.2,942723.8805970149
ALM-10134,2026-02-08,Medeu,2.0,60.0,5.0,5,1989.0,panel,2.53,45600000.0,60.0,760000.0
ALM-10863,2026-02-08,Zhetysu,2.0,53.1,4.0,4,1954.0,brick,,31650000.0,53.1,596045.197740113
ALM-10086,2026-02-08,Zhetysu,3.0,67.3,6.0,9,1981.0,panel,2.69,38130000.0,67.3,566567.6077265973
ALM-10572,2026-02-08,Auezov,1.0,43.3,4.0,5,1987.0,panel,2.62,23060000.0,43.3,532563.5103926098
ALM-10534,2026-02-09,Medeu,5.0,136.1,3.0,5,1972.0,panel,2.61,159220000.0,136.1,1169875.0918442323
ALM-10180,2026-02-10,Turksib,1.0,32.7,3.0,5,1988.0,brick,2.92,17070000.0,32.7,522018.3486238532
ALM-10405,2026-02-10,Turksib,1.0,356.0,5.0,5,1953.0,brick,,18830000.0,356.0,52893.25842696629
ALM-10735,2026-02-10,Zhetysu,1.0,32.9,16.0,25,2024.0,monolith,2.93,22760000.0,32.9,691793.3130699089
ALM-11096,2026-02-10,Nauryzbay,1.0,36.7,5.0,9,2014.0,monolith,2.91,20400000.0,36.7,555858.310626703
ALM-10491,2026-02-10,Nauryzbay,3.0,77.4,1.0,25,2019.0,monolith,2.75,37960000.0,77.4,490439.27648578805
ALM-10260,2026-02-10,,1.0,35.8,12.0,12,2006.0,monolith,2.73,23870000.0,35.8,666759.7765363129
ALM-10310,2026-02-10,Turksib,2.0,51.2,3.0,9,1989.0,panel,,22020000.0,51.2,430078.125
ALM-10238,2026-02-11,Medeu,3.0,61.3,3.0,4,1997.0,brick,3.02,63840000.0,61.3,1041435.5628058728
ALM-10380,2026-02-11,Alatau,1.0,35.0,9.0,9,2010.0,monolith,2.72,21010000.0,35.0,600285.7142857143
ALM-10100,2026-02-11,Medeu,1.0,36.4,2.0,4,,brick,2.74,37920000.0,36.4,1041758.2417582418
ALM-10686,2026-02-11,Nauryzbay,2.0,56.0,2.0,4,1964.0,brick,2.88,25730000.0,56.0,459464.28571428574
ALM-10271,2026-02-11,Turksib,3.0,79.1,3.0,9,2018.0,monolith,2.74,46770000.0,79.1,591276.8647281922
ALM-10794,2026-02-11,Turksib,4.0,79.6,3.0,3,2004.0,brick,2.78,40680000.0,79.6,511055.27638190956
ALM-10571,2026-02-12,Medeu,2.0,67.3,1.0,5,1979.0,panel,2.66,60190000.0,67.3,894353.6404160475
ALM-11193,2026-02-12,Auezov,2.0,55.7,6.0,12,1981.0,panel,2.51,31900000.0,55.7,572710.9515260323
ALM-10834,2026-02-12,Turksib,2.0,47.7,2.0,20,2024.0,monolith,2.77,28430000.0,47.7,596016.7714884696
ALM-10722,2026-02-12,Nauryzbay,4.0,106.6,4.0,9,1988.0,panel,2.62,46670000.0,106.6,437804.8780487805
ALM-10258,2026-02-12,Nauryzbay,1.0,40.2,12.0,20,2021.0,monolith,2.87,22930000.0,40.2,570398.0099502488
ALM-10625,2026-02-12,Medeu,2.0,50.7,10.0,20,2008.0,monolith,2.74,66270000.0,50.7,1307100.5917159764
ALM-11159,2026-02-13,Nauryzbay,2.0,58.6,1.0,12,,panel,2.67,23510000.0,58.6,401194.53924914676
ALM-10459,2026-02-13,Medeu,2.0,53.3,1.0,5,1987.0,panel,,40200000.0,53.3,754221.3883677298
ALM-10669,2026-02-13,Auezov,3.0,73.2,5.0,25,2012.0,monolith,2.81,56810000.0,73.2,776092.8961748633
ALM-10211,2026-02-13,Bostandyk,2.0,44.0,2.0,5,2003.0,brick,3.08,46010000.0,44.0,1045681.8181818182
ALM-10081,2026-02-13,Turksib,2.0,48.2,1.0,12,2022.0,monolith,2.87,23610000.0,48.2,489834.02489626553
ALM-10425,2026-02-14,Auezov,3.0,79.0,6.0,9,2019.0,monolith,2.7,59820000.0,79.0,757215.1898734177
ALM-10943,2026-02-14,Alatau,3.0,90.7,3.0,9,1978.0,panel,,39280000.0,90.7,433076.0749724366
ALM-10162,2026-02-14,Medeu,4.0,103.3,6.0,9,1972.0,panel,,97980000.0,103.3,948499.5159728945
ALM-10821,2026-02-15,Almaly,1.0,38.3,7.0,12,,monolith,2.96,40170000.0,38.3,1048825.0652741515
ALM-10247,2026-02-15,Almaly,2.0,49.3,3.0,3,1954.0,brick,2.77,39110000.0,49.3,793306.2880324544
ALM-10728,2026-02-15,Medeu,4.0,99.0,1.0,5,1975.0,brick,2.9,96240000.0,99.0,972121.2121212122
ALM-10926,2026-02-15,,3.0,73.1,3.0,5,1989.0,panel,2.64,36070000.0,73.1,493433.6525307798
ALM-10011,2026-02-15,Turksib,2.0,46.7,5.0,9,2019.0,monolith,2.87,30260000.0,46.7,647965.7387580299
ALM-10199,2026-02-16,Almaly,2.0,72.4,2.0,12,1984.0,panel,2.63,49740000.0,72.4,687016.5745856353
ALM-10917,2026-02-16,,2.0,66.7,12.0,12,1978.0,panel,2.51,29930000.0,66.7,448725.6371814093
ALM-11058,2026-02-16,Auezov,2.0,50.4,1.0,9,1969.0,panel,2.51,23870000.0,50.4,473611.1111111111
ALM-10080,2026-02-16,Bostandyk,3.0,83.1,2.0,3,1972.0,brick,3.07,78510000.0,83.1,944765.3429602889
ALM-11187,2026-02-16,Almaly,3.0,75.6,2.0,4,1964.0,brick,2.86,72060000.0,75.6,953174.6031746032
ALM-10969,2026-02-16,Auezov,3.0,91.0,19.0,20,2016.0,monolith,2.76,65540000.0,91.0,720219.7802197802
ALM-10720,2026-02-17,Turksib,3.0,80.3,5.0,5,1992.0,panel,2.53,36510000.0,80.3,454669.9875466999
ALM-11122,2026-02-17,Zhetysu,2.0,647.0,4.0,12,1976.0,panel,2.59,40670000.0,647.0,62859.35085007728
ALM-10874,2026-02-17,Auezov,2.0,64.5,2.0,9,1964.0,brick,2.83,40970000.0,64.5,635193.7984496125
ALM-11173,2026-02-18,Zhetysu,3.0,79.4,13.0,20,2020.0,monolith,2.77,48570000.0,79.4,611712.846347607
ALM-10430,2026-02-18,Bostandyk,3.0,88.0,4.0,4,1976.0,brick,3.01,86940000.0,88.0,987954.5454545454
ALM-10272,2026-02-18,Alatau,2.0,43.3,9.0,9,1987.0,panel,2.65,20690000.0,43.3,477829.09930715937
ALM-11051,2026-02-18,Nauryzbay,3.0,64.0,13.0,16,2021.0,monolith,3.0,31780000.0,64.0,496562.5
ALM-11128,2026-02-18,Almaly,4.0,145.9,8.0,12,2007.0,monolith,2.86,148590000.0,145.9,1018437.2858122
ALM-10948,2026-02-19,Zhetysu,2.0,56.5,10.0,12,,monolith,2.85,41470000.0,56.5,733982.3008849558
ALM-11093,2026-02-19,Zhetysu,2.0,54.7,2.0,5,1991.0,panel,2.55,31550000.0,54.7,576782.4497257769
ALM-11110,2026-02-20,Almaly,1.0,37.8,10.0,12,1969.0,panel,2.7,27640000.0,37.8,731216.9312169313
ALM-11133,2026-02-20,Medeu,1.0,49.3,3.0,9,1970.0,panel,,45090000.0,49.3,914604.4624746451
ALM-10132,2026-02-20,Nauryzbay,2.0,56.8,1.0,9,2021.0,monolith,2.93,27960000.0,56.8,492253.5211267606
ALM-10803,2026-02-21,Medeu,3.0,85.9,9.0,9,2019.0,monolith,2.99,103440000.0,85.9,1204190.9196740396
ALM-10742,2026-02-21,Turksib,3.0,77.5,2.0,9,1962.0,panel,2.65,39840000.0,77.5,514064.51612903224
ALM-11188,2026-02-21,Turksib,3.0,86.8,12.0,12,1971.0,panel,2.6,35130000.0,86.8,404723.50230414746
ALM-10941,2026-02-22,Bostandyk,1.0,35.0,1.0,3,2002.0,brick,,31720000.0,35.0,906285.7142857143
ALM-10727,2026-02-22,Turksib,3.0,70.2,2.0,12,2021.0,monolith,2.81,33710000.0,70.2,480199.4301994302
ALM-11001,2026-02-23,Auezov,4.0,75.6,6.0,12,2013.0,monolith,2.8,54660000.0,75.6,723015.873015873
ALM-10856,2026-02-23,Medeu,1.0,39.4,7.0,12,1975.0,panel,2.7,42430000.0,39.4,1076903.5532994925
ALM-10861,2026-02-23,Bostandyk,3.0,91.0,1.0,9,2012.0,monolith,2.85,92180000.0,91.0,1012967.032967033
ALM-11194,2026-02-23,Turksib,2.0,53.0,6.0,12,2007.0,monolith,,35120000.0,53.0,662641.5094339623
ALM-11146,2026-02-24,Almaly,2.0,41.8,14.0,25,2006.0,monolith,2.79,43860000.0,41.8,1049282.2966507177
ALM-10957,2026-02-24,Medeu,2.0,54.8,8.0,20,2023.0,monolith,2.84,67060000.0,54.8,1223722.6277372264
ALM-11009,2026-02-25,Nauryzbay,2.0,56.8,4.0,12,2024.0,monolith,3.0,35070000.0,56.8,617429.5774647888
ALM-10237,2026-02-25,,1.0,45.0,6.0,16,2023.0,monolith,2.78,46460000.0,45.0,1032444.4444444445
ALM-10891,2026-02-25,Turksib,1.0,34.3,2.0,4,,brick,2.79,17760000.0,34.3,517784.2565597668
ALM-11090,2026-02-25,Turksib,2.0,50.1,2.0,12,1983.0,panel,2.57,23210000.0,50.1,463273.45309381234
ALM-10078,2026-02-25,Zhetysu,4.0,111.7,16.0,16,2011.0,monolith,2.71,80880000.0,111.7,724082.36347359
ALM-10642,2026-02-25,Zhetysu,1.0,31.9,4.0,5,1960.0,brick,2.89,21470000.0,31.9,673040.7523510972
ALM-10725,2026-02-26,Alatau,2.0,58.3,5.0,12,1992.0,panel,2.66,28320000.0,58.3,485763.29331046314
ALM-10937,2026-02-26,Medeu,4.0,103.5,1.0,5,1993.0,brick,2.91,103530000.0,103.5,1000289.8550724637
ALM-11084,2026-02-26,Nauryzbay,2.0,59.6,9.0,9,1969.0,panel,2.67,26560000.0,59.6,445637.58389261743
ALM-11073,2026-02-27,,2.0,48.4,1.0,4,1995.0,brick,3.0,22300000.0,48.4,460743.80165289255
ALM-10451,2026-02-27,Auezov,1.0,41.8,3.0,5,1990.0,panel,,25310000.0,41.8,605502.3923444976
ALM-10159,2026-02-27,Medeu,1.0,36.4,12.0,16,,monolith,2.86,48000000.0,36.4,1318681.3186813188
ALM-10308,2026-02-27,Alatau,2.0,55.0,3.0,3,2004.0,brick,3.1,26040000.0,55.0,473454.54545454547
ALM-10935,2026-02-27,Auezov,2.0,54.7,7.0,12,2010.0,monolith,2.85,41240000.0,54.7,753930.5301645338
ALM-10148,2026-02-28,Auezov,2.0,45.4,4.0,12,1973.0,panel,2.62,24750000.0,45.4,545154.1850220264
ALM-10539,2026-03-01,Medeu,1.0,28.5,5.0,5,1970.0,panel,2.62,24220000.0,28.5,849824.5614035088
ALM-10411,2026-03-01,Bostandyk,3.0,75.9,2.0,4,1992.0,brick,,80510000.0,75.9,1060737.8129117258
ALM-10072,2026-03-01,Medeu,2.0,530.0,9.0,20,,monolith,2.96,64270000.0,530.0,121264.15094339622
ALM-10124,2026-03-01,Auezov,4.0,104.7,2.0,3,1958.0,brick,3.05,75270000.0,104.7,718911.1747851003
ALM-11035,2026-03-02,Medeu,3.0,78.0,5.0,25,2013.0,monolith,2.87,98780000.0,78.0,1266410.2564102565
ALM-10749,2026-03-02,Zhetysu,4.0,101.2,14.0,25,2019.0,monolith,2.93,63110000.0,101.2,623616.6007905138
ALM-10772,2026-03-02,Zhetysu,2.0,53.1,1.0,5,1990.0,panel,2.58,32740000.0,53.1,616572.5047080979
ALM-10639,2026-03-02,Zhetysu,1.0,47.9,20.0,25,2005.0,monolith,2.96,35290000.0,47.9,736743.2150313152
ALM-10541,2026-03-02,Bostandyk,3.0,89.5,2.0,4,,brick,3.1,94010000.0,89.5,1050391.061452514
ALM-10438,2026-03-03,Medeu,4.0,96.7,4.0,4,1978.0,brick,3.1,124040000.0,96.7,1282730.0930713546
ALM-10805,2026-03-03,Zhetysu,4.0,90.3,3.0,12,1965.0,panel,2.6,57490000.0,90.3,636655.592469546
ALM-10559,2026-03-03,Almaly,2.0,50.0,5.0,5,,panel,2.68,37510000.0,50.0,750200.0
ALM-10294,2026-03-03,Medeu,1.0,33.1,12.0,12,1966.0,panel,2.65,25880000.0,33.1,781873.1117824774
ALM-10872,2026-03-03,Nauryzbay,2.0,62.1,2.0,5,1992.0,panel,,26140000.0,62.1,420933.9774557166
ALM-10923,2026-03-03,Nauryzbay,2.0,58.7,10.0,12,1966.0,panel,,24680000.0,58.7,420442.93015332194
ALM-11178,2026-03-04,Bostandyk,3.0,79.2,3.0,9,2007.0,monolith,2.9,86550000.0,79.2,1092803.0303030303
ALM-10704,2026-03-04,Auezov,2.0,61.3,6.0,9,1979.0,panel,2.66,38710000.0,61.3,631484.5024469821
ALM-10464,2026-03-04,Almaly,3.0,72.9,2.0,9,1990.0,panel,2.7,62340000.0,72.9,855144.0329218106
ALM-11081,2026-03-04,Medeu,5.0,115.3,9.0,9,2008.0,monolith,2.77,141880000.0,115.3,1230529.0546400694
ALM-10954,2026-03-04,Almaly,2.0,59.4,7.0,20,2024.0,monolith,3.0,69510000.0,59.4,1170202.0202020202
ALM-10195,2026-03-04,Auezov,2.0,64.0,3.0,9,1987.0,brick,3.19,39780000.0,64.0,621562.5
ALM-10196,2026-03-04,Nauryzbay,5.0,133.3,3.0,3,1980.0,brick,3.07,60570000.0,133.3,454388.5971492873
ALM-10479,2026-03-05,Almaly,3.0,90.3,10.0,16,2007.0,monolith,2.74,100750000.0,90.3,1115725.3599114064
ALM-11097,2026-03-05,Bostandyk,3.0,84.4,7.0,16,2014.0,monolith,2.79,82080000.0,84.4,972511.8483412322
ALM-10884,2026-03-05,Medeu,3.0,88.3,1.0,5,1959.0,brick,2.84,106700000.0,88.3,1208380.5209513025
ALM-10218,2026-03-05,Almaly,1.0,43.6,3.0,3,1972.0,brick,2.8,37650000.0,43.6,863532.1100917431
ALM-11034,2026-03-06,Medeu,3.0,78.5,6.0,12,1972.0,panel,2.63,86070000.0,78.5,1096433.1210191082
ALM-10490,2026-03-06,Nauryzbay,4.0,92.1,15.0,16,,monolith,3.0,55450000.0,92.1,602062.9750271444
ALM-10448,2026-03-06,Bostandyk,3.0,92.7,10.0,12,1976.0,panel,2.69,82160000.0,92.7,886299.8921251348
ALM-10710,2026-03-06,Auezov,1.0,32.4,1.0,5,1969.0,panel,2.6,18160000.0,32.4,560493.8271604938
ALM-10091,2026-03-06,Medeu,2.0,49.1,5.0,9,2024.0,monolith,3.0,56920000.0,49.1,1159266.8024439919
ALM-10169,2026-03-06,Turksib,1.0,37.8,6.0,12,1981.0,panel,2.62,21060000.0,37.8,557142.8571428572
ALM-10131,2026-03-06,Almaly,1.0,43.3,2.0,3,1980.0,brick,2.98,41520000.0,43.3,958891.454965358
ALM-10848,2026-03-06,Turksib,2.0,37.5,9.0,16,2017.0,monolith,2.84,19960000.0,37.5,532266.6666666666
ALM-10001,2026-03-06,Zhetysu,3.0,69.8,9.0,9,1975.0,panel,2.56,34170000.0,69.8,489541.547277937
ALM-11106,2026-03-07,Alatau,3.0,82.8,8.0,9,2022.0,monolith,2.91,40640000.0,82.8,490821.2560386474
ALM-10367,2026-03-07,Alatau,2.0,55.5,8.0,12,1982.0,panel,2.68,23620000.0,55.5,425585.58558558556
ALM-10066,2026-03-07,Medeu,2.0,62.2,8.0,9,2017.0,monolith,2.81,72490000.0,62.2,1165434.0836012862
ALM-10558,2026-03-08,Bostandyk,1.0,35.6,5.0,5,1974.0,panel,2.54,30140000.0,35.6,846629.213483146
ALM-10865,2026-03-08,Zhetysu,2.0,53.5,6.0,9,1968.0,panel,2.58,24860000.0,53.5,464672.8971962617
ALM-10694,2026-03-08,,2.0,57.5,4.0,12,2007.0,monolith,2.87,32790000.0,57.5,570260.8695652174
ALM-10578,2026-03-08,Zhetysu,3.0,74.0,6.0,12,1965.0,panel,2.55,40160000.0,74.0,542702.7027027027
ALM-10886,2026-03-08,Medeu,4.0,95.1,2.0,5,1974.0,panel,,97390000.0,95.1,1024079.9158780231
ALM-10763,2026-03-08,Alatau,3.0,75.9,23.0,25,2014.0,monolith,2.75,43940000.0,75.9,578919.6310935441
ALM-10156,2026-03-08,Bostandyk,3.0,65.9,1.0,3,,brick,2.98,54990000.0,65.9,834446.1305007586
ALM-10153,2026-03-08,Medeu,4.0,123.5,1.0,4,2005.0,brick,3.17,132920000.0,123.5,1076275.3036437246
ALM-10398,2026-03-09,Auezov,2.0,62.5,11.0,25,2015.0,monolith,2.8,44570000.0,62.5,713120.0
ALM-10174,2026-03-09,Bostandyk,3.0,79.6,4.0,9,,panel,2.55,66790000.0,79.6,839070.351758794
ALM-11004,2026-03-09,Zhetysu,2.0,55.9,1.0,4,1991.0,brick,3.04,37460000.0,55.9,670125.2236135957
ALM-10359,2026-03-10,Zhetysu,1.0,44.8,14.0,16,2020.0,monolith,2.77,31820000.0,44.8,710267.8571428572
ALM-10883,2026-03-10,Bostandyk,2.0,63.4,2.0,4,1983.0,brick,3.03,61130000.0,63.4,964195.5835962145
ALM-10612,2026-03-10,Auezov,4.0,117.7,8.0,9,1984.0,brick,3.02,89990000.0,117.7,764570.9430756159
ALM-10468,2026-03-10,Medeu,4.0,93.8,1.0,4,1955.0,brick,3.17,93130000.0,93.8,992857.1428571428
ALM-10048,2026-03-10,Zhetysu,2.0,59.5,9.0,25,2008.0,monolith,2.83,43240000.0,59.5,726722.6890756303
ALM-10975,2026-03-11,Alatau,3.0,73.1,11.0,12,1992.0,panel,2.55,30950000.0,73.1,423392.61285909713
ALM-10067,2026-03-11,Almaly,2.0,54.6,1.0,12,,monolith,2.97,50060000.0,54.6,916849.8168498168
ALM-10638,2026-03-11,Medeu,1.0,44.6,3.0,3,1981.0,brick,2.79,40250000.0,44.6,902466.3677130045
ALM-10413,2026-03-11,Medeu,3.0,81.0,11.0,16,2018.0,monolith,2.92,89740000.0,81.0,1107901.2345679011
ALM-11031,2026-03-11,Turksib,3.0,70.6,2.0,5,2001.0,brick,3.1,39150000.0,70.6,554532.5779036827
ALM-10721,2026-03-12,Bostandyk,3.0,80.1,18.0,20,2012.0,monolith,2.95,85880000.0,80.1,1072159.8002496879
ALM-10262,2026-03-12,,1.0,44.8,19.0,20,,monolith,2.83,31060000.0,44.8,693303.5714285715
ALM-10332,2026-03-12,Medeu,2.0,57.0,8.0,9,1963.0,brick,3.06,68130000.0,57.0,1195263.1578947369
ALM-10302,2026-03-13,Bostandyk,2.0,51.7,2.0,3,1973.0,brick,,53760000.0,51.7,1039845.2611218569
ALM-10044,2026-03-13,Medeu,1.0,40.4,,25,2022.0,monolith,2.79,52430000.0,40.4,1297772.2772277228
ALM-11040,2026-03-13,Nauryzbay,2.0,65.5,7.0,12,,panel,2.69,31240000.0,65.5,476946.56488549616
ALM-10770,2026-03-13,Bostandyk,1.0,40.0,18.0,20,2022.0,monolith,2.89,48270000.0,40.0,1206750.0
ALM-10055,2026-03-14,Zhetysu,1.0,46.8,9.0,9,1957.0,brick,2.81,27140000.0,46.8,579914.52991453
ALM-10660,2026-03-14,Zhetysu,1.0,45.9,5.0,9,1972.0,panel,2.51,28510000.0,45.9,621132.8976034858
ALM-10201,2026-03-14,Medeu,3.0,70.5,1.0,12,2023.0,monolith,2.92,77740000.0,70.5,1102695.035460993
ALM-10118,2026-03-14,Zhetysu,1.0,37.4,8.0,9,1982.0,panel,2.57,20740000.0,37.4,554545.4545454546
ALM-10070,2026-03-15,Nauryzbay,2.0,54.4,8.0,9,1965.0,panel,2.67,23350000.0,54.4,429227.9411764706
ALM-10586,2026-03-15,Medeu,2.0,57.6,4.0,12,1966.0,panel,2.52,60430000.0,57.6,1049131.9444444445
ALM-10105,2026-03-15,Bostandyk,2.0,61.9,11.0,12,2013.0,monolith,2.98,73030000.0,61.9,1179806.138933764
ALM-10058,2026-03-15,Bostandyk,2.0,555.0,4.0,12,2013.0,monolith,2.84,66270000.0,555.0,119405.4054054054
ALM-10508,2026-03-15,Almaly,2.0,58.8,3.0,3,1959.0,brick,2.74,54570000.0,58.8,928061.224489796
ALM-10410,2026-03-15,Almaly,3.0,76.4,7.0,9,1972.0,panel,2.58,55640000.0,76.4,728272.2513089004
ALM-10414,2026-03-15,Almaly,3.0,77.4,6.0,9,1963.0,panel,2.65,61650000.0,77.4,796511.6279069767
ALM-11195,2026-03-16,Zhetysu,3.0,75.2,9.0,9,1989.0,brick,2.75,41760000.0,75.2,555319.1489361702
ALM-10337,2026-03-16,Medeu,2.0,57.6,9.0,9,2019.0,monolith,2.95,62570000.0,57.6,1086284.7222222222
ALM-10429,2026-03-16,Almaly,2.0,58.9,3.0,9,1965.0,brick,2.89,54740000.0,58.9,929371.8166383702
ALM-10030,2026-03-17,Turksib,3.0,88.1,11.0,12,2017.0,monolith,,53370000.0,88.1,605788.876276958
ALM-10527,2026-03-17,Nauryzbay,1.0,35.1,6.0,9,2007.0,monolith,2.82,19490000.0,35.1,555270.6552706553
ALM-10557,2026-03-17,Bostandyk,1.0,37.9,6.0,9,1969.0,panel,,28180000.0,37.9,743535.6200527705
ALM-10369,2026-03-18,Bostandyk,3.0,84.8,8.0,25,,monolith,2.74,91720000.0,84.8,1081603.7735849058
ALM-10379,2026-03-18,Nauryzbay,2.0,55.1,4.0,5,1971.0,panel,2.69,24520000.0,55.1,445009.07441016333
ALM-10338,2026-03-18,Alatau,3.0,69.0,3.0,5,1973.0,panel,2.58,30360000.0,69.0,440000.0
ALM-11088,2026-03-18,Bostandyk,3.0,94.5,3.0,20,2008.0,monolith,2.99,98390000.0,94.5,1041164.0211640212
ALM-11087,2026-03-18,Bostandyk,2.0,43.6,5.0,5,1955.0,brick,3.17,38350000.0,43.6,879587.1559633027
ALM-11183,2026-03-18,Zhetysu,2.0,69.8,1.0,9,,panel,2.54,33260000.0,69.8,476504.29799426935
ALM-11161,2026-03-18,Alatau,3.0,87.5,2.0,3,2002.0,brick,2.79,45200000.0,87.5,516571.4285714286
ALM-11127,2026-03-18,Alatau,2.0,56.4,17.0,25,2011.0,monolith,2.79,31660000.0,56.4,561347.5177304965
ALM-10589,2026-03-19,Zhetysu,1.0,38.7,5.0,12,2020.0,monolith,2.91,25840000.0,38.7,667700.2583979327
ALM-10396,2026-03-19,Zhetysu,2.0,55.2,11.0,12,1969.0,panel,,31640000.0,55.2,573188.4057971014
ALM-10650,2026-03-19,Turksib,1.0,34.4,5.0,5,1988.0,panel,2.63,17020000.0,34.4,494767.44186046516
ALM-10899,2026-03-19,Zhetysu,2.0,61.1,9.0,9,1957.0,brick,2.94,36600000.0,61.1,599018.0032733224
ALM-10876,2026-03-20,Turksib,1.0,40.8,5.0,5,1966.0,panel,,17250000.0,40.8,422794.11764705885
ALM-11155,2026-03-20,Auezov,3.0,71.8,7.0,16,2008.0,monolith,2.93,54240000.0,71.8,755431.7548746518
ALM-10743,2026-03-20,Bostandyk,3.0,82.2,1.0,5,1978.0,panel,2.55,69380000.0,82.2,844038.9294403893
ALM-10888,2026-03-20,Turksib,1.0,42.2,7.0,16,2020.0,monolith,2.78,25710000.0,42.2,609241.7061611374
ALM-11182,2026-03-20,Auezov,1.0,34.3,2.0,3,2004.0,brick,2.77,20080000.0,34.3,585422.7405247814
ALM-10064,2026-03-20,Auezov,1.0,35.4,8.0,16,2008.0,monolith,2.98,25180000.0,35.4,711299.4350282486
ALM-10022,2026-03-21,Alatau,3.0,75.6,9.0,20,2023.0,monolith,3.0,49100000.0,75.6,649470.8994708995
ALM-10977,2026-03-21,Alatau,3.0,83.1,2.0,5,1970.0,panel,2.55,35720000.0,83.1,429843.5619735259
ALM-10712,2026-03-21,Nauryzbay,3.0,82.7,8.0,9,1952.0,brick,2.99,38830000.0,82.7,469528.4159613059
ALM-10971,2026-03-21,Alatau,3.0,79.6,1.0,5,1977.0,panel,2.53,33590000.0,79.6,421984.9246231156
ALM-11039,2026-03-21,Almaly,2.0,58.7,8.0,9,1970.0,panel,2.56,48520000.0,58.7,826575.8091993185
ALM-11180,2026-03-22,Zhetysu,3.0,79.8,6.0,16,2012.0,monolith,2.84,58040000.0,79.8,727318.2957393484
ALM-10014,2026-03-22,Medeu,1.0,41.0,18.0,20,2016.0,monolith,,49000000.0,41.0,1195121.9512195121
ALM-10463,2026-03-22,Bostandyk,3.0,49.7,15.0,25,2023.0,monolith,2.8,45490000.0,49.7,915291.750503018
ALM-11104,2026-03-22,Nauryzbay,2.0,48.9,4.0,5,1987.0,panel,2.51,19560000.0,48.9,400000.0
ALM-10654,2026-03-23,Turksib,1.0,43.6,1.0,3,1982.0,brick,2.96,20740000.0,43.6,475688.0733944954
ALM-10467,2026-03-23,Nauryzbay,1.0,37.8,3.0,4,1982.0,brick,3.19,19070000.0,37.8,504497.35449735454
ALM-10495,2026-03-23,Medeu,1.0,34.8,7.0,9,1981.0,panel,2.62,26720000.0,34.8,767816.091954023
ALM-11168,2026-03-23,Medeu,1.0,41.9,7.0,9,2015.0,monolith,2.77,40180000.0,41.9,958949.8806682578
ALM-10543,2026-03-23,Alatau,2.0,58.4,6.0,9,2023.0,monolith,2.97,37480000.0,58.4,641780.8219178083
ALM-10869,2026-03-23,Auezov,2.0,63.8,2.0,5,1977.0,panel,,38350000.0,63.8,601097.1786833856
ALM-11184,2026-03-23,Bostandyk,3.0,83.0,8.0,12,1982.0,panel,2.55,91280000.0,83.0,1099759.0361445784
ALM-10567,2026-03-23,Bostandyk,4.0,135.8,5.0,12,1974.0,panel,2.57,119960000.0,135.8,883357.8792341679
ALM-10034,2026-03-23,Turksib,2.0,67.6,5.0,9,1961.0,brick,,43390000.0,67.6,641863.9053254438
ALM-11199,2026-03-23,Medeu,2.0,55.5,7.0,16,2009.0,monolith,2.91,71300000.0,55.5,1284684.6846846847
ALM-10465,2026-03-24,Nauryzbay,1.0,28.3,3.0,3,1995.0,brick,3.16,13850000.0,28.3,489399.29328621906
ALM-10354,2026-03-24,Turksib,1.0,40.5,6.0,16,,monolith,2.75,26060000.0,40.5,643456.7901234567
ALM-10103,2026-03-24,Zhetysu,3.0,70.3,20.0,25,2021.0,monolith,2.75,55370000.0,70.3,787624.466571835
ALM-10607,2026-03-24,Nauryzbay,1.0,36.7,10.0,20,2014.0,monolith,2.77,17520000.0,36.7,477384.19618528604
ALM-10849,2026-03-24,Bostandyk,1.0,34.3,5.0,5,1986.0,brick,2.85,33720000.0,34.3,983090.3790087465
ALM-10773,2026-03-24,Turksib,1.0,36.1,3.0,4,,brick,2.83,20630000.0,36.1,571468.1440443213
ALM-10714,2026-03-24,Turksib,2.0,54.9,8.0,9,1991.0,panel,2.56,29050000.0,54.9,529143.8979963571
ALM-10388,2026-03-25,Nauryzbay,3.0,75.8,4.0,4,1973.0,brick,3.05,32370000.0,75.8,427044.8548812665
ALM-10752,2026-03-25,Auezov,1.0,36.6,2.0,5,1986.0,panel,2.55,25420000.0,36.6,694535.519125683
ALM-11075,2026-03-25,Bostandyk,1.0,42.0,3.0,4,1952.0,brick,3.02,42390000.0,42.0,1009285.7142857143
ALM-10499,2026-03-25,Alatau,2.0,58.0,1.0,3,1953.0,brick,3.19,28590000.0,58.0,492931.0344827586
ALM-11077,2026-03-26,Zhetysu,1.0,36.4,12.0,12,2012.0,monolith,2.82,22940000.0,36.4,630219.7802197803
ALM-11018,2026-03-26,Nauryzbay,3.0,70.3,9.0,16,2013.0,monolith,2.91,35200000.0,70.3,500711.2375533428
ALM-10333,2026-03-26,Zhetysu,4.0,85.7,2.0,3,1981.0,brick,2.77,57080000.0,85.7,666044.3407234539
ALM-10867,2026-03-26,Auezov,1.0,31.3,10.0,25,2012.0,monolith,2.94,24080000.0,31.3,769329.0734824281
ALM-10630,2026-03-27,Alatau,4.0,116.2,8.0,12,1974.0,panel,,46720000.0,116.2,402065.404475043
ALM-10116,2026-03-27,Medeu,1.0,29.5,12.0,25,2024.0,monolith,2.88,36040000.0,29.5,1221694.9152542374
ALM-10573,2026-03-27,Auezov,3.0,73.9,5.0,9,2011.0,monolith,2.97,58940000.0,73.9,797564.2760487144
ALM-10830,2026-03-28,Nauryzbay,2.0,57.3,3.0,3,1976.0,brick,2.95,30840000.0,57.3,538219.8952879581
ALM-10629,2026-03-28,Medeu,3.0,68.5,8.0,16,2011.0,monolith,2.96,86560000.0,68.5,1263649.6350364964
ALM-10922,2026-03-28,Bostandyk,3.0,78.5,6.0,9,1984.0,panel,2.6,57380000.0,78.5,730955.4140127389
ALM-10953,2026-03-28,Auezov,2.0,45.7,6.0,20,2005.0,monolith,2.9,32890000.0,45.7,719693.6542669584
ALM-10471,2026-03-28,Bostandyk,2.0,55.8,4.0,4,1982.0,brick,3.18,45840000.0,55.8,821505.376344086
ALM-10897,2026-03-29,Nauryzbay,2.0,56.4,3.0,3,1981.0,brick,2.7,26490000.0,56.4,469680.8510638298
ALM-10753,2026-03-29,Almaly,3.0,76.7,14.0,16,2005.0,monolith,2.88,75370000.0,76.7,982659.7131681878
ALM-10699,2026-03-30,Auezov,3.0,78.4,3.0,4,1987.0,brick,2.91,59510000.0,78.4,759056.1224489795
ALM-10564,2026-03-30,Bostandyk,2.0,55.5,3.0,20,2015.0,monolith,2.84,62610000.0,55.5,1128108.1081081082
ALM-10221,2026-03-30,Alatau,3.0,77.3,3.0,9,1979.0,panel,2.67,32640000.0,77.3,422250.9702457956
ALM-10093,2026-03-30,Nauryzbay,2.0,67.8,1.0,9,1977.0,panel,2.59,25390000.0,67.8,374483.77581120946
ALM-10778,2026-03-31,Bostandyk,4.0,96.3,6.0,9,1994.0,brick,2.77,85410000.0,96.3,886915.8878504673
ALM-10092,2026-03-31,Almaly,3.0,85.5,1.0,5,1992.0,panel,2.59,64660000.0,85.5,756257.3099415204
ALM-10395,2026-03-31,Turksib,3.0,79.8,10.0,20,2006.0,monolith,2.9,56200000.0,79.8,704260.6516290727
ALM-10985,2026-03-31,Nauryzbay,2.0,48.0,2.0,9,1975.0,panel,2.61,18340000.0,48.0,382083.3333333333
ALM-10719,2026-03-31,,3.0,87.6,8.0,16,2008.0,monolith,2.78,42480000.0,87.6,484931.5068493151
ALM-10076,2026-03-31,Nauryzbay,3.0,64.2,9.0,9,1966.0,panel,2.58,24480000.0,64.2,381308.41121495323
ALM-10243,2026-03-31,Medeu,2.0,53.2,3.0,4,,brick,3.2,59790000.0,53.2,1123872.1804511277
ALM-10036,2026-03-31,Medeu,1.0,36.1,3.0,3,1981.0,brick,3.06,38780000.0,36.1,1074238.2271468143
ALM-10775,2026-03-31,Nauryzbay,4.0,115.2,2.0,9,2022.0,monolith,2.88,62270000.0,115.2,540538.1944444444
ALM-10668,2026-04-01,Almaly,2.0,61.1,9.0,9,2008.0,monolith,2.85,62020000.0,61.1,1015057.2831423895
ALM-10297,2026-04-01,Auezov,2.0,58.7,18.0,20,2018.0,monolith,2.91,42740000.0,58.7,728109.0289608177
ALM-10688,2026-04-01,Nauryzbay,1.0,29.6,6.0,12,2016.0,monolith,2.77,17540000.0,29.6,592567.5675675676
ALM-11085,2026-04-01,Nauryzbay,2.0,58.4,2.0,4,1961.0,brick,,27540000.0,58.4,471575.34246575343
ALM-11124,2026-04-01,Nauryzbay,2.0,49.4,5.0,12,1964.0,panel,,18680000.0,49.4,378137.6518218624
ALM-10141,2026-04-02,Medeu,1.0,31.9,4.0,9,1973.0,panel,,32440000.0,31.9,1016927.8996865205
ALM-10120,2026-04-02,Zhetysu,2.0,48.5,5.0,9,1991.0,panel,,30130000.0,48.5,621237.1134020619
ALM-10362,2026-04-02,Turksib,2.0,64.5,1.0,20,2015.0,monolith,2.82,32780000.0,64.5,508217.05426356586
ALM-10355,2026-04-02,Turksib,2.0,49.9,1.0,5,1979.0,brick,2.98,24840000.0,49.9,497795.59118236473
ALM-10700,2026-04-02,Almaly,2.0,50.0,5.0,16,2007.0,monolith,2.87,50470000.0,50.0,1009400.0
ALM-10046,2026-04-03,Alatau,2.0,47.0,11.0,16,2009.0,monolith,2.87,24770000.0,47.0,527021.2765957447
ALM-10924,2026-04-03,Alatau,2.0,56.2,5.0,5,1969.0,panel,2.67,25860000.0,56.2,460142.34875444835
ALM-10019,2026-04-03,Alatau,1.0,37.7,21.0,25,2015.0,monolith,2.84,20320000.0,37.7,538992.0424403183
ALM-10707,2026-04-03,Almaly,2.0,62.0,8.0,12,1973.0,panel,2.56,43060000.0,62.0,694516.1290322581
ALM-11109,2026-04-04,Almaly,2.0,57.5,25.0,25,2008.0,monolith,2.74,56470000.0,57.5,982086.9565217391
ALM-11103,2026-04-04,Medeu,1.0,43.1,9.0,12,1967.0,panel,2.57,40050000.0,43.1,929234.3387470997
ALM-10561,2026-04-04,Nauryzbay,2.0,54.8,1.0,5,1956.0,brick,2.74,27180000.0,54.8,495985.40145985404
ALM-10212,2026-04-04,Nauryzbay,2.0,54.0,9.0,12,1970.0,panel,2.61,19220000.0,54.0,355925.9259259259
ALM-10685,2026-04-04,Bostandyk,2.0,52.0,3.0,5,1973.0,brick,2.83,48860000.0,52.0,939615.3846153846
ALM-10364,2026-04-05,Auezov,1.0,42.6,3.0,5,1967.0,panel,2.62,25250000.0,42.6,592723.0046948356
ALM-10858,2026-04-05,Alatau,3.0,76.3,2.0,4,1964.0,brick,,40000000.0,76.3,524246.39580602886
ALM-11044,2026-04-05,Zhetysu,3.0,83.2,2.0,12,2017.0,monolith,2.98,55240000.0,83.2,663942.3076923076
ALM-11143,2026-04-05,Auezov,1.0,33.0,12.0,12,1992.0,panel,2.58,20360000.0,33.0,616969.696969697
ALM-10268,2026-04-05,Turksib,2.0,55.5,3.0,9,1982.0,panel,2.66,26880000.0,55.5,484324.3243243243
ALM-10378,2026-04-06,Auezov,1.0,41.4,5.0,9,1973.0,panel,2.68,22290000.0,41.4,538405.7971014493
ALM-10940,2026-04-06,Auezov,3.0,67.9,1.0,3,1973.0,brick,3.04,44490000.0,67.9,655228.2768777614
ALM-10353,2026-04-06,Almaly,3.0,86.1,12.0,12,1972.0,panel,2.57,63220000.0,86.1,734262.4854819977
ALM-10504,2026-04-06,Medeu,2.0,53.7,7.0,25,2020.0,monolith,2.73,63550000.0,53.7,1183426.4432029794
ALM-10371,2026-04-07,Auezov,3.0,78.1,4.0,5,1968.0,panel,,47430000.0,78.1,607298.3354673496
ALM-10041,2026-04-07,Alatau,2.0,68.4,7.0,9,1960.0,brick,3.09,34880000.0,68.4,509941.52046783624
ALM-10553,2026-04-07,Turksib,4.0,108.0,2.0,5,1984.0,panel,2.61,55250000.0,108.0,511574.0740740741
ALM-10544,2026-04-07,Almaly,2.0,57.0,4.0,4,1982.0,brick,3.08,46990000.0,57.0,824385.9649122807
ALM-10370,2026-04-08,Zhetysu,3.0,81.3,17.0,20,2016.0,monolith,2.88,61960000.0,81.3,762115.6211562116
ALM-10681,2026-04-08,,3.0,80.5,12.0,12,1973.0,panel,,66190000.0,80.5,822236.0248447205
ALM-11061,2026-04-08,Zhetysu,1.0,42.1,1.0,4,1961.0,brick,,22940000.0,42.1,544893.1116389548
ALM-10828,2026-04-08,Medeu,3.0,81.3,3.0,5,1988.0,brick,2.88,74160000.0,81.3,912177.1217712178
ALM-10346,2026-04-09,Nauryzbay,2.0,67.8,8.0,9,2024.0,monolith,,32790000.0,67.8,483628.31858407083
ALM-10915,2026-04-09,Alatau,4.0,100.6,7.0,9,1985.0,panel,2.51,45410000.0,100.6,451391.65009940363
ALM-10655,2026-04-09,Medeu,3.0,83.0,2.0,9,2000.0,brick,2.9,98420000.0,83.0,1185783.1325301204
ALM-10839,2026-04-09,Medeu,2.0,52.8,5.0,5,1984.0,panel,2.61,47730000.0,52.8,903977.2727272728
ALM-10905,2026-04-09,Medeu,4.0,109.0,8.0,12,1981.0,panel,2.52,89490000.0,109.0,821009.1743119266
ALM-10200,2026-04-09,Bostandyk,1.0,45.3,9.0,25,2016.0,monolith,2.71,49800000.0,45.3,1099337.7483443709
ALM-10194,2026-04-10,Medeu,2.0,52.3,5.0,5,1971.0,panel,2.66,43440000.0,52.3,830592.7342256214
ALM-10358,2026-04-10,Bostandyk,3.0,69.8,11.0,20,2020.0,monolith,2.79,78490000.0,69.8,1124498.5673352436
ALM-10689,2026-04-10,Nauryzbay,2.0,56.8,3.0,9,1986.0,panel,2.55,23130000.0,56.8,407218.309859155
ALM-10313,2026-04-10,Auezov,3.0,84.0,3.0,5,1991.0,panel,2.63,49870000.0,84.0,593690.4761904762
ALM-10327,2026-04-10,Auezov,1.0,42.2,10.0,12,2017.0,monolith,3.0,32550000.0,42.2,771327.0142180094
ALM-10780,2026-04-11,Zhetysu,1.0,34.2,1.0,9,1992.0,brick,3.05,19020000.0,34.2,556140.3508771929
ALM-10860,2026-04-11,Turksib,2.0,54.3,6.0,9,1978.0,panel,,25260000.0,54.3,465193.3701657459
ALM-10392,2026-04-11,Alatau,4.0,110.2,6.0,9,2010.0,monolith,,60140000.0,110.2,545735.0272232305
ALM-10144,2026-04-11,Nauryzbay,1.0,35.4,4.0,25,2024.0,monolith,2.71,17910000.0,35.4,505932.20338983054
ALM-11108,2026-04-12,Turksib,5.0,114.5,20.0,25,2009.0,monolith,2.82,65980000.0,114.5,576244.5414847161
ALM-11113,2026-04-12,Medeu,1.0,45.4,4.0,5,1977.0,panel,2.61,39930000.0,45.4,879515.4185022027
ALM-10444,2026-04-13,Alatau,2.0,56.3,2.0,9,1986.0,panel,2.68,24770000.0,56.3,439964.4760213144
ALM-10582,2026-04-13,Zhetysu,2.0,63.9,21.0,25,2023.0,monolith,2.85,47310000.0,63.9,740375.5868544601
ALM-10032,2026-04-13,Almaly,1.0,38.4,1.0,9,1972.0,panel,2.56,27230000.0,38.4,709114.5833333334
ALM-10829,2026-04-13,Bostandyk,3.0,73.2,4.0,20,2024.0,monolith,2.92,86570000.0,73.2,1182650.2732240437
ALM-10373,2026-04-13,Almaly,1.0,36.4,3.0,5,1978.0,panel,2.51,28020000.0,36.4,769780.2197802198
ALM-10012,2026-04-13,Turksib,1.0,25.8,5.0,5,1980.0,panel,2.66,12210000.0,25.8,473255.81395348837
ALM-11130,2026-04-13,Nauryzbay,1.0,34.2,4.0,9,1964.0,panel,2.53,14830000.0,34.2,433625.730994152
ALM-11112,2026-04-13,Turksib,2.0,34.3,9.0,9,1990.0,panel,,15310000.0,34.3,446355.68513119535
ALM-10439,2026-04-13,Almaly,5.0,148.4,2.0,9,,panel,2.69,125650000.0,148.4,846698.1132075471
ALM-11123,2026-04-14,Zhetysu,1.0,40.7,11.0,12,1980.0,panel,2.59,21860000.0,40.7,537100.737100737
ALM-10255,2026-04-14,Zhetysu,2.0,55.5,5.0,9,2014.0,monolith,2.76,41500000.0,55.5,747747.7477477477
ALM-10381,2026-04-14,Nauryzbay,1.0,39.7,3.0,9,2011.0,monolith,2.94,22490000.0,39.7,566498.7405541561
ALM-10146,2026-04-15,Almaly,1.0,36.7,1.0,3,1978.0,brick,2.82,31850000.0,36.7,867847.4114441416
ALM-11131,2026-04-15,,2.0,54.7,7.0,9,1999.0,brick,2.71,26640000.0,54.7,487020.10968921386
ALM-10432,2026-04-15,Auezov,1.0,36.5,2.0,5,1986.0,panel,2.56,19720000.0,36.5,540273.9726027397
ALM-10853,2026-04-15,Auezov,1.0,36.7,5.0,5,,brick,2.93,22260000.0,36.7,606539.5095367847
ALM-10620,2026-04-16,Bostandyk,2.0,53.6,3.0,5,1967.0,panel,,53670000.0,53.6,1001305.9701492537
ALM-10575,2026-04-16,Turksib,2.0,46.0,10.0,20,2022.0,monolith,2.93,33390000.0,46.0,725869.5652173914
ALM-10102,2026-04-17,Alatau,3.0,72.6,5.0,5,1974.0,panel,2.7,31240000.0,72.6,430303.03030303033
ALM-10330,2026-04-17,Turksib,3.0,86.3,7.0,9,1974.0,panel,,36610000.0,86.3,424217.8447276941
ALM-10966,2026-04-17,Bostandyk,4.0,108.8,17.0,20,2015.0,monolith,3.0,116270000.0,108.8,1068658.0882352942
ALM-10901,2026-04-17,,3.0,85.1,2.0,5,1980.0,panel,2.55,38420000.0,85.1,451468.86016451236
ALM-10435,2026-04-17,Nauryzbay,2.0,68.5,11.0,12,1964.0,panel,,31470000.0,68.5,459416.0583941606
ALM-10771,2026-04-17,Nauryzbay,2.0,47.4,14.0,20,2010.0,monolith,2.89,27090000.0,47.4,571518.9873417722
ALM-10903,2026-04-17,Bostandyk,2.0,59.0,2.0,4,1981.0,brick,2.75,70470000.0,59.0,1194406.779661017
ALM-10382,2026-04-18,Zhetysu,2.0,61.1,3.0,9,1980.0,panel,2.6,35540000.0,61.1,581669.3944353518
ALM-11013,2026-04-18,Bostandyk,1.0,36.0,8.0,9,1977.0,panel,,37430000.0,36.0,1039722.2222222222
ALM-10726,2026-04-18,Alatau,1.0,34.0,2.0,9,2023.0,monolith,2.79,17490000.0,34.0,514411.76470588235
ALM-10950,2026-04-18,Medeu,2.0,53.9,12.0,12,2019.0,monolith,2.82,62490000.0,53.9,1159369.2022263452
ALM-10602,2026-04-18,Auezov,2.0,53.7,5.0,12,1988.0,panel,2.53,34420000.0,53.7,640968.3426443202
ALM-11007,2026-04-18,Almaly,1.0,42.4,6.0,12,1975.0,panel,2.52,31370000.0,42.4,739858.4905660377
ALM-10982,2026-04-18,Nauryzbay,3.0,82.1,5.0,5,1984.0,panel,2.68,33510000.0,82.1,408160.7795371498
ALM-10047,2026-04-18,Bostandyk,2.0,59.5,9.0,9,1989.0,panel,,43540000.0,59.5,731764.7058823529
ALM-10716,2026-04-18,Zhetysu,1.0,35.3,1.0,9,1990.0,panel,2.57,17680000.0,35.3,500849.85835694056
ALM-11066,2026-04-18,Alatau,3.0,65.6,9.0,12,1969.0,panel,2.65,29120000.0,65.6,443902.4390243903
ALM-10415,2026-04-18,Auezov,1.0,42.8,1.0,9,1987.0,panel,2.51,21530000.0,42.8,503037.3831775701
ALM-10087,2026-04-19,Zhetysu,2.0,67.6,8.0,9,1978.0,panel,2.51,38130000.0,67.6,564053.2544378699
ALM-11190,2026-04-19,Medeu,3.0,87.8,4.0,5,1961.0,brick,2.78,99540000.0,87.8,1133712.9840546697
ALM-11023,2026-04-19,Nauryzbay,3.0,80.7,8.0,9,,panel,2.68,35090000.0,80.7,434820.32218091696
ALM-10723,2026-04-19,Bostandyk,1.0,38.0,12.0,20,2015.0,monolith,2.81,43960000.0,38.0,1156842.105263158
ALM-10208,2026-04-19,,1.0,37.8,2.0,5,1989.0,panel,,17470000.0,37.8,462169.3121693122
ALM-10854,2026-04-19,Alatau,1.0,50.2,16.0,20,2022.0,monolith,2.93,26100000.0,50.2,519920.31872509955
ALM-10979,2026-04-19,Medeu,2.0,55.5,4.0,4,2004.0,brick,,54400000.0,55.5,980180.1801801802
ALM-10496,2026-04-20,Turksib,3.0,79.0,5.0,12,1987.0,panel,,36810000.0,79.0,465949.36708860757
ALM-10226,2026-04-20,Nauryzbay,3.0,80.1,6.0,9,2024.0,monolith,2.83,42040000.0,80.1,524843.9450686642
ALM-10505,2026-04-21,Zhetysu,3.0,75.2,2.0,5,1978.0,panel,2.6,49960000.0,75.2,664361.7021276596
ALM-11064,2026-04-21,Zhetysu,3.0,103.5,2.0,5,1950.0,brick,2.93,66840000.0,103.5,645797.1014492754
ALM-10777,2026-04-21,Auezov,4.0,99.6,10.0,20,2020.0,monolith,2.95,69570000.0,99.6,698493.9759036145
ALM-10117,2026-04-21,Turksib,2.0,58.5,7.0,9,1970.0,panel,2.68,32150000.0,58.5,549572.6495726496
ALM-11019,2026-04-21,Almaly,2.0,56.6,3.0,3,1955.0,brick,,47960000.0,56.6,847349.8233215547
ALM-10989,2026-04-21,Auezov,3.0,75.8,6.0,16,2006.0,monolith,2.93,61840000.0,75.8,815831.1345646438
ALM-11012,2026-04-21,Almaly,1.0,40.7,3.0,4,1951.0,brick,3.2,39770000.0,40.7,977149.8771498771
ALM-11179,2026-04-21,Auezov,1.0,40.6,9.0,9,1972.0,panel,2.64,21730000.0,40.6,535221.6748768473
ALM-11047,2026-04-21,Almaly,1.0,37.2,10.0,20,,monolith,2.82,40200000.0,37.2,1080645.1612903224
ALM-10921,2026-04-22,Zhetysu,3.0,668.0,5.0,5,1962.0,brick,2.7,38560000.0,668.0,57724.55089820359
ALM-10717,2026-04-22,Bostandyk,1.0,33.1,2.0,4,1971.0,brick,2.83,34390000.0,33.1,1038972.8096676737
ALM-10207,2026-04-22,,3.0,86.0,3.0,9,,panel,2.66,32910000.0,86.0,382674.4186046512
ALM-10085,2026-04-22,Alatau,2.0,51.8,10.0,20,2007.0,monolith,2.72,26300000.0,51.8,507722.00772200775
ALM-10667,2026-04-22,,2.0,45.7,5.0,9,2024.0,monolith,2.71,28090000.0,45.7,614660.8315098468
ALM-10741,2026-04-22,Auezov,4.0,102.6,-1.0,16,2015.0,monolith,2.98,73860000.0,102.6,719883.0409356726
ALM-11117,2026-04-23,Alatau,2.0,61.9,9.0,9,2015.0,monolith,2.7,32560000.0,61.9,526009.6930533118
ALM-10964,2026-04-23,Medeu,2.0,66.2,13.0,25,2012.0,monolith,2.75,73050000.0,66.2,1103474.3202416918
ALM-10095,2026-04-23,Alatau,4.0,120.1,2.0,3,1955.0,brick,2.97,58750000.0,120.1,489175.68692756037
ALM-10866,2026-04-24,Auezov,2.0,56.5,20.0,20,2015.0,monolith,2.72,36800000.0,56.5,651327.4336283186
ALM-10219,2026-04-24,Turksib,2.0,61.7,15.0,16,2006.0,monolith,2.75,38120000.0,61.7,617828.2009724473
ALM-10210,2026-04-24,Medeu,2.0,61.6,5.0,9,2010.0,monolith,2.93,70860000.0,61.6,1150324.6753246754
ALM-10150,2026-04-25,Auezov,1.0,46.1,2.0,25,2008.0,monolith,2.9,29650000.0,46.1,643167.0281995662
ALM-10040,2026-04-25,Nauryzbay,2.0,71.8,5.0,12,1971.0,panel,2.6,32430000.0,71.8,451671.3091922006
ALM-10933,2026-04-25,Auezov,3.0,77.4,3.0,3,1992.0,brick,2.85,51210000.0,77.4,661627.9069767442
ALM-10841,2026-04-25,Auezov,2.0,48.7,9.0,12,2013.0,monolith,2.92,42240000.0,48.7,867351.1293634496
ALM-10511,2026-04-25,Nauryzbay,1.0,28.8,7.0,12,2024.0,monolith,2.79,17480000.0,28.8,606944.4444444444
ALM-10530,2026-04-25,Almaly,2.0,57.8,3.0,9,1966.0,panel,2.65,47940000.0,57.8,829411.7647058824
ALM-10488,2026-04-25,Turksib,1.0,31.8,3.0,3,1975.0,brick,3.16,16950000.0,31.8,533018.8679245283
ALM-10875,2026-04-26,Almaly,1.0,31.8,12.0,25,2008.0,monolith,2.94,33060000.0,31.8,1039622.641509434
ALM-10073,2026-04-26,Turksib,1.0,36.2,7.0,9,1978.0,panel,2.6,18540000.0,36.2,512154.69613259664
ALM-10510,2026-04-26,Turksib,2.0,57.0,12.0,12,1984.0,panel,,25760000.0,57.0,451929.8245614035
ALM-10442,2026-04-26,Zhetysu,3.0,70.5,2.0,9,2021.0,monolith,2.87,48140000.0,70.5,682836.8794326241
ALM-10326,2026-04-28,Bostandyk,2.0,67.7,4.0,5,1964.0,brick,2.7,72110000.0,67.7,1065140.3249630723
ALM-10692,2026-04-28,,2.0,72.2,5.0,9,2005.0,monolith,2.75,52800000.0,72.2,731301.9390581717
ALM-10198,2026-04-28,Alatau,2.0,60.9,8.0,9,1981.0,panel,2.53,25950000.0,60.9,426108.37438423646
ALM-11172,2026-04-28,Medeu,2.0,55.7,3.0,9,1974.0,panel,2.52,57820000.0,55.7,1038061.0412926391
ALM-11166,2026-04-28,Auezov,2.0,43.8,12.0,12,2016.0,monolith,2.81,32160000.0,43.8,734246.5753424658
ALM-11174,2026-04-29,Auezov,1.0,37.2,2.0,3,1990.0,brick,2.79,25440000.0,37.2,683870.9677419354
ALM-10454,2026-04-29,Auezov,2.0,54.0,8.0,9,1964.0,panel,,33660000.0,54.0,623333.3333333334
ALM-10584,2026-04-29,Auezov,1.0,43.1,1.0,5,1979.0,panel,2.53,26870000.0,43.1,623433.8747099767
ALM-10433,2026-04-29,Turksib,3.0,85.0,4.0,9,,panel,2.68,38980000.0,85.0,458588.23529411765
ALM-10106,2026-04-30,Almaly,2.0,55.7,4.0,5,1963.0,brick,3.13,58840000.0,55.7,1056373.4290843806
ALM-10108,2026-04-30,Auezov,1.0,41.3,1.0,9,2024.0,monolith,2.71,25060000.0,41.3,606779.6610169492
ALM-10947,2026-04-30,Zhetysu,3.0,77.2,6.0,9,1996.0,brick,2.94,52270000.0,77.2,677072.5388601036
ALM-10814,2026-05-01,Alatau,4.0,93.9,1.0,5,1972.0,brick,3.0,46300000.0,93.9,493077.7422790202
ALM-11033,2026-05-01,Turksib,2.0,46.2,9.0,16,2016.0,monolith,2.83,29430000.0,46.2,637012.987012987
ALM-10163,2026-05-01,Almaly,3.0,65.4,10.0,20,2012.0,monolith,2.78,65220000.0,65.4,997247.7064220182
ALM-10588,2026-05-01,Alatau,3.0,79.5,5.0,12,1983.0,panel,2.58,33220000.0,79.5,417861.6352201258
ALM-10890,2026-05-01,Almaly,2.0,62.6,1.0,5,1965.0,panel,,48690000.0,62.6,777795.5271565495
ALM-10115,2026-05-02,Bostandyk,2.0,45.5,5.0,20,2013.0,monolith,2.94,51550000.0,45.5,1132967.0329670329
ALM-10653,2026-05-03,Almaly,3.0,76.3,12.0,12,2019.0,monolith,,78740000.0,76.3,1031979.0301441678
ALM-10017,2026-05-03,Almaly,2.0,55.0,7.0,12,1985.0,panel,2.55,45810000.0,55.0,832909.0909090909
ALM-10024,2026-05-03,Almaly,3.0,77.6,8.0,12,1974.0,panel,2.61,64320000.0,77.6,828865.9793814434
ALM-10790,2026-05-03,,2.0,56.5,3.0,12,1986.0,panel,,55280000.0,56.5,978407.0796460178
ALM-10546,2026-05-04,Medeu,2.0,62.4,3.0,9,1991.0,panel,,58850000.0,62.4,943108.9743589744
ALM-11021,2026-05-04,Almaly,3.0,78.6,2.0,5,1984.0,panel,2.54,63570000.0,78.6,808778.6259541985
ALM-10568,2026-05-04,Nauryzbay,2.0,62.8,2.0,3,1984.0,brick,2.76,31770000.0,62.8,505891.71974522294
ALM-10878,2026-05-04,Medeu,2.0,53.0,5.0,9,1987.0,brick,3.16,62280000.0,53.0,1175094.3396226414
ALM-11170,2026-05-04,Turksib,1.0,41.3,8.0,12,2015.0,monolith,2.76,23650000.0,41.3,572639.2251815981
ALM-10386,2026-05-04,Turksib,2.0,53.3,1.0,5,1970.0,panel,2.65,24920000.0,53.3,467542.2138836773
ALM-11024,2026-05-04,Nauryzbay,1.0,35.8,11.0,20,2024.0,monolith,2.87,18770000.0,35.8,524301.6759776537
ALM-10932,2026-05-04,Zhetysu,1.0,38.9,3.0,9,1971.0,panel,2.5,22080000.0,38.9,567609.2544987147
ALM-10099,2026-05-05,Turksib,1.0,29.9,6.0,9,1987.0,panel,2.65,16260000.0,29.9,543812.7090301004
ALM-10590,2026-05-05,Nauryzbay,2.0,50.4,6.0,12,1980.0,panel,,21260000.0,50.4,421825.39682539686
ALM-10342,2026-05-05,Alatau,3.0,68.0,3.0,12,1984.0,panel,,29440000.0,68.0,432941.17647058825
ALM-11114,2026-05-05,Auezov,3.0,68.5,2.0,4,1974.0,brick,2.75,49610000.0,68.5,724233.5766423357
ALM-11068,2026-05-06,Alatau,2.0,47.3,1.0,5,1962.0,panel,,22110000.0,47.3,467441.86046511633
ALM-10387,2026-05-06,Alatau,2.0,75.0,1.0,3,1985.0,brick,,32730000.0,75.0,436400.0
ALM-10736,2026-05-06,Turksib,2.0,56.3,4.0,12,1971.0,panel,2.59,28060000.0,56.3,498401.42095914745
ALM-10045,2026-05-06,Turksib,2.0,55.7,13.0,20,2014.0,monolith,2.79,27260000.0,55.7,489407.54039497307
ALM-10623,2026-05-06,Almaly,2.0,57.3,1.0,3,1992.0,brick,2.75,50190000.0,57.3,875916.2303664922
ALM-10020,2026-05-06,Bostandyk,1.0,39.3,2.0,20,2007.0,monolith,2.94,39420000.0,39.3,1003053.4351145038
ALM-10550,2026-05-06,Nauryzbay,2.0,38.5,3.0,5,1986.0,panel,,19500000.0,38.5,506493.5064935065
ALM-10129,2026-05-06,Turksib,2.0,56.5,25.0,25,2021.0,monolith,2.91,32080000.0,56.5,567787.6106194691
ALM-10810,2026-05-07,Medeu,1.0,41.1,3.0,5,1974.0,panel,2.64,44060000.0,41.1,1072019.4647201947
ALM-10455,2026-05-07,Almaly,1.0,34.5,5.0,9,2014.0,monolith,2.98,32110000.0,34.5,930724.6376811594
ALM-11140,2026-05-07,Auezov,1.0,34.4,1.0,3,1994.0,brick,2.77,21390000.0,34.4,621802.3255813954
ALM-10617,2026-05-07,,1.0,42.2,4.0,4,1963.0,brick,2.83,20680000.0,42.2,490047.3933649289
ALM-10732,2026-05-07,Zhetysu,2.0,58.3,2.0,3,2005.0,brick,,36950000.0,58.3,633790.7375643225
ALM-10137,2026-05-08,Almaly,2.0,44.8,12.0,12,2006.0,monolith,2.72,37590000.0,44.8,839062.5
ALM-11036,2026-05-08,,1.0,36.7,19.0,20,2009.0,monolith,2.96,37980000.0,36.7,1034877.3841961852
ALM-10661,2026-05-09,Alatau,4.0,115.8,5.0,12,1989.0,panel,2.53,50900000.0,115.8,439550.94991364423
ALM-10956,2026-05-09,Zhetysu,3.0,78.8,3.0,4,1958.0,brick,2.8,45650000.0,78.8,579314.7208121828
ALM-10745,2026-05-09,Nauryzbay,2.0,38.6,3.0,5,1984.0,panel,2.53,15660000.0,38.6,405699.48186528496
ALM-10021,2026-05-09,Alatau,3.0,71.3,9.0,12,1988.0,panel,2.69,30090000.0,71.3,422019.6353436185
ALM-11129,2026-05-10,Medeu,1.0,44.5,4.0,12,1983.0,panel,2.61,40660000.0,44.5,913707.8651685393
ALM-10421,2026-05-10,Auezov,3.0,77.7,3.0,16,2005.0,monolith,2.9,56500000.0,77.7,727155.7271557271
ALM-10583,2026-05-10,Nauryzbay,4.0,110.0,12.0,12,1968.0,panel,2.68,44880000.0,110.0,408000.0
ALM-10616,2026-05-10,Zhetysu,1.0,41.8,2.0,9,1968.0,panel,2.59,23840000.0,41.8,570334.9282296652
ALM-10608,2026-05-11,Medeu,2.0,60.2,6.0,20,2009.0,monolith,2.81,67870000.0,60.2,1127408.6378737541
ALM-10960,2026-05-11,Turksib,1.0,34.9,5.0,16,2021.0,monolith,2.86,20140000.0,34.9,577077.3638968482
ALM-10402,2026-05-12,Zhetysu,2.0,47.5,4.0,9,1983.0,panel,2.56,23940000.0,47.5,504000.0
ALM-10955,2026-05-12,Medeu,4.0,92.8,2.0,12,1971.0,panel,,105250000.0,92.8,1134159.4827586208
ALM-11076,2026-05-12,Bostandyk,2.0,51.3,11.0,12,1965.0,panel,2.59,44510000.0,51.3,867641.3255360625
ALM-10492,2026-05-13,Almaly,1.0,33.6,2.0,9,1981.0,panel,2.5,24800000.0,33.6,738095.2380952381
ALM-10307,2026-05-13,Almaly,3.0,73.3,3.0,3,2000.0,brick,2.75,70310000.0,73.3,959208.7312414735
ALM-10424,2026-05-13,Medeu,2.0,53.5,4.0,5,,panel,2.53,54940000.0,53.5,1026915.8878504672
ALM-10626,2026-05-13,Zhetysu,4.0,110.3,2.0,5,1981.0,brick,2.78,64860000.0,110.3,588032.6382592928
ALM-10329,2026-05-13,Alatau,2.0,46.8,4.0,4,1951.0,brick,2.8,19530000.0,46.8,417307.6923076923
ALM-11071,2026-05-13,Nauryzbay,3.0,64.4,3.0,5,1950.0,brick,2.81,29210000.0,64.4,453571.4285714285
ALM-11020,2026-05-13,Nauryzbay,3.0,80.4,1.0,3,1959.0,brick,,39230000.0,80.4,487935.32338308456
ALM-10325,2026-05-14,Zhetysu,2.0,54.6,5.0,5,1965.0,panel,2.56,29330000.0,54.6,537179.4871794871
ALM-10535,2026-05-14,Auezov,3.0,88.6,2.0,3,1967.0,brick,2.72,64580000.0,88.6,728893.9051918737
ALM-10098,2026-05-15,Almaly,2.0,44.7,6.0,25,2009.0,monolith,2.94,49470000.0,44.7,1106711.4093959732
ALM-10995,2026-05-15,Turksib,1.0,45.7,2.0,20,2010.0,monolith,2.93,26700000.0,45.7,584245.0765864332
ALM-10487,2026-05-15,Zhetysu,2.0,61.8,8.0,9,1980.0,panel,2.65,37030000.0,61.8,599190.9385113269
ALM-10656,2026-05-15,Turksib,3.0,58.5,1.0,9,1982.0,panel,2.53,24360000.0,58.5,416410.25641025644
ALM-10447,2026-05-15,Bostandyk,1.0,39.6,3.0,5,1976.0,panel,2.51,32360000.0,39.6,817171.7171717171
ALM-10173,2026-05-15,Turksib,1.0,43.2,8.0,9,1991.0,panel,2.67,21580000.0,43.2,499537.037037037
ALM-11078,2026-05-15,,2.0,59.0,3.0,5,1967.0,panel,,25050000.0,59.0,424576.27118644066
ALM-10570,2026-05-16,Nauryzbay,1.0,41.7,6.0,9,1976.0,panel,2.69,17920000.0,41.7,429736.21103117504
ALM-10836,2026-05-16,Nauryzbay,1.0,35.0,5.0,9,1969.0,panel,2.62,14350000.0,35.0,410000.0
ALM-10319,2026-05-16,Nauryzbay,2.0,70.0,9.0,25,2015.0,monolith,2.82,34490000.0,70.0,492714.28571428574
ALM-10049,2026-05-16,Turksib,1.0,35.0,10.0,12,1963.0,panel,2.67,14770000.0,35.0,422000.0
ALM-10734,2026-05-16,Almaly,3.0,83.0,8.0,9,1986.0,panel,2.59,80870000.0,83.0,974337.3493975904
ALM-10757,2026-05-16,Almaly,1.0,42.0,9.0,16,2010.0,monolith,2.88,45540000.0,42.0,1084285.7142857143
ALM-10636,2026-05-17,Nauryzbay,1.0,37.7,,5,1966.0,panel,,17670000.0,37.7,468700.26525198936
ALM-11042,2026-05-17,Almaly,2.0,59.2,8.0,12,1977.0,panel,2.68,45250000.0,59.2,764358.108108108
ALM-11074,2026-05-17,Nauryzbay,1.0,38.5,13.0,16,2007.0,monolith,2.92,21600000.0,38.5,561038.9610389611
ALM-10202,2026-05-17,Alatau,1.0,30.6,5.0,12,2006.0,monolith,2.94,17480000.0,30.6,571241.8300653595
ALM-10472,2026-05-17,Almaly,2.0,58.6,4.0,5,1972.0,panel,,47990000.0,58.6,818941.9795221842
ALM-10288,2026-05-18,Alatau,1.0,40.8,-1.0,20,2017.0,monolith,,19890000.0,40.8,487500.00000000006
ALM-11120,2026-05-18,Auezov,1.0,33.7,3.0,3,1978.0,brick,2.85,21710000.0,33.7,644213.649851632
ALM-10855,2026-05-18,Zhetysu,3.0,80.6,11.0,12,1986.0,panel,2.6,44130000.0,80.6,547518.6104218363
ALM-10138,2026-05-18,Bostandyk,4.0,105.7,3.0,5,2005.0,brick,,114310000.0,105.7,1081456.9536423841
ALM-10097,2026-05-18,Auezov,2.0,60.9,4.0,9,1988.0,panel,2.66,39190000.0,60.9,643513.9573070607
ALM-10101,2026-05-19,Medeu,2.0,58.6,1.0,4,1976.0,brick,,59670000.0,58.6,1018259.385665529
ALM-10082,2026-05-19,Bostandyk,1.0,41.2,6.0,9,2007.0,monolith,2.71,45890000.0,41.2,1113834.9514563107
ALM-10887,2026-05-19,Bostandyk,1.0,41.5,13.0,16,2019.0,monolith,2.94,38310000.0,41.5,923132.530120482
ALM-10959,2026-05-20,Turksib,1.0,43.9,-1.0,16,2021.0,monolith,2.95,28870000.0,43.9,657630.9794988611
ALM-10043,2026-05-20,Alatau,2.0,68.8,6.0,12,1965.0,panel,2.53,29350000.0,68.8,426598.83720930235
ALM-10873,2026-05-20,Turksib,4.0,95.8,5.0,5,1991.0,panel,2.62,43540000.0,95.8,454488.5177453027
ALM-10551,2026-05-20,Medeu,4.0,114.9,5.0,5,1994.0,brick,2.92,105060000.0,114.9,914360.3133159268
ALM-10658,2026-05-20,Bostandyk,4.0,125.7,1.0,9,1966.0,panel,,104940000.0,125.7,834844.8687350835
ALM-11091,2026-05-20,Almaly,2.0,54.7,2.0,3,1998.0,brick,3.02,55150000.0,54.7,1008226.6910420475
ALM-10458,2026-05-20,Auezov,2.0,60.8,2.0,9,1974.0,brick,2.91,45330000.0,60.8,745559.2105263158
ALM-10057,2026-05-21,Turksib,1.0,27.3,10.0,12,1977.0,panel,2.52,12870000.0,27.3,471428.5714285714
ALM-10519,2026-05-21,Turksib,2.0,46.1,2.0,5,1991.0,brick,3.02,23760000.0,46.1,515401.30151843815
ALM-10973,2026-05-22,Alatau,3.0,55.6,11.0,12,1987.0,panel,,22350000.0,55.6,401978.417266187
ALM-10128,2026-05-22,Zhetysu,4.0,118.2,1.0,5,1964.0,panel,2.59,71050000.0,118.2,601099.8307952622
ALM-10309,2026-05-22,Medeu,3.0,68.1,10.0,16,2024.0,monolith,2.96,79570000.0,68.1,1168428.7812041116
ALM-10042,2026-05-22,Turksib,3.0,72.6,9.0,9,1978.0,panel,2.54,28740000.0,72.6,395867.76859504136
ALM-10110,2026-05-22,Nauryzbay,2.0,56.5,24.0,25,2014.0,monolith,2.84,28670000.0,56.5,507433.62831858406
ALM-10112,2026-05-22,Almaly,4.0,94.3,6.0,12,,panel,2.58,89000000.0,94.3,943796.394485684
ALM-10627,2026-05-23,Medeu,3.0,70.6,1.0,9,1990.0,panel,,73830000.0,70.6,1045750.7082152975
ALM-10574,2026-05-23,Alatau,3.0,77.8,5.0,9,1979.0,panel,2.59,31960000.0,77.8,410796.91516709514
ALM-11137,2026-05-24,Bostandyk,1.0,34.7,2.0,5,1971.0,brick,2.93,34860000.0,34.7,1004610.9510086455
ALM-10351,2026-05-24,Zhetysu,2.0,53.8,-1.0,20,2014.0,monolith,2.83,33960000.0,53.8,631226.7657992565
ALM-10563,2026-05-24,Bostandyk,3.0,81.4,8.0,12,2010.0,monolith,2.99,89840000.0,81.4,1103685.5036855035
ALM-10619,2026-05-24,Auezov,2.0,50.5,9.0,12,1968.0,panel,2.63,28310000.0,50.5,560594.0594059406
ALM-10340,2026-05-25,Alatau,2.0,60.1,3.0,5,1971.0,panel,2.65,24950000.0,60.1,415141.43094841926
ALM-11111,2026-05-25,Bostandyk,2.0,53.5,2.0,9,1987.0,panel,,48180000.0,53.5,900560.7476635514
ALM-10968,2026-05-26,Zhetysu,1.0,38.9,7.0,12,1970.0,panel,2.7,23880000.0,38.9,613881.7480719795
ALM-10618,2026-05-26,Zhetysu,3.0,82.0,11.0,12,2019.0,monolith,,55520000.0,82.0,677073.1707317074
ALM-10284,2026-05-26,Almaly,1.0,31.5,1.0,5,1971.0,brick,,25460000.0,31.5,808253.9682539683
ALM-11101,2026-05-27,Medeu,3.0,84.0,4.0,5,1986.0,panel,2.56,75680000.0,84.0,900952.380952381
ALM-10889,2026-05-27,Bostandyk,2.0,45.0,3.0,9,2013.0,monolith,2.94,46030000.0,45.0,1022888.8888888889
ALM-10555,2026-05-27,Medeu,3.0,77.4,1.0,5,1962.0,panel,2.5,74680000.0,77.4,964857.8811369508
ALM-10724,2026-05-27,Auezov,3.0,89.9,4.0,9,2021.0,monolith,2.97,63490000.0,89.9,706229.1434927697
ALM-10822,2026-05-27,Almaly,3.0,91.7,5.0,20,2017.0,monolith,2.84,104060000.0,91.7,1134787.3500545255
ALM-10264,2026-05-27,Bostandyk,1.0,495.0,3.0,5,1972.0,panel,2.57,42680000.0,495.0,86222.22222222222
ALM-10919,2026-05-28,Auezov,3.0,100.3,12.0,12,2009.0,monolith,2.7,67890000.0,100.3,676869.3918245265
ALM-10215,2026-05-28,Zhetysu,3.0,91.5,3.0,9,1962.0,panel,2.61,56580000.0,91.5,618360.655737705
ALM-10460,2026-05-28,Alatau,2.0,59.5,7.0,25,2005.0,monolith,2.76,31160000.0,59.5,523697.4789915966
ALM-11059,2026-05-28,Bostandyk,4.0,88.9,3.0,12,,panel,2.69,75710000.0,88.9,851631.046119235
ALM-10287,2026-05-28,Auezov,2.0,56.6,1.0,12,1969.0,panel,2.52,31920000.0,56.6,563957.5971731448
ALM-10831,2026-05-28,Zhetysu,2.0,62.9,1.0,9,1987.0,panel,2.66,32710000.0,62.9,520031.79650238476
ALM-10220,2026-05-28,Auezov,4.0,103.6,8.0,12,1979.0,panel,2.54,67380000.0,103.6,650386.1003861005
ALM-10799,2026-05-28,Auezov,1.0,35.3,1.0,4,1969.0,brick,3.05,22640000.0,35.3,641359.7733711048
ALM-10819,2026-05-29,Auezov,2.0,57.2,4.0,12,1968.0,panel,2.52,40420000.0,57.2,706643.3566433566
ALM-10018,2026-05-29,Almaly,2.0,59.5,9.0,9,2008.0,monolith,2.84,54650000.0,59.5,918487.3949579832
ALM-10754,2026-05-29,Medeu,3.0,87.7,13.0,16,2010.0,monolith,2.84,97750000.0,87.7,1114595.210946408
ALM-10003,2026-05-29,Auezov,2.0,48.6,2.0,5,1978.0,panel,2.55,26120000.0,48.6,537448.5596707818
ALM-10991,2026-05-29,Medeu,3.0,71.2,5.0,5,1987.0,brick,2.8,71100000.0,71.2,998595.5056179775
ALM-10521,2026-05-29,Bostandyk,1.0,25.3,1.0,3,1981.0,brick,2.88,25790000.0,25.3,1019367.5889328063
ALM-11156,2026-05-29,Alatau,2.0,49.2,3.0,5,2001.0,brick,2.89,21020000.0,49.2,427235.77235772356
ALM-10997,2026-05-30,Medeu,2.0,59.3,2.0,9,2009.0,monolith,2.84,69640000.0,59.3,1174367.6222596965
ALM-11141,2026-05-30,Turksib,3.0,78.3,3.0,3,1960.0,brick,3.09,37900000.0,78.3,484035.75989782886
ALM-10999,2026-05-30,Bostandyk,1.0,37.3,1.0,5,1965.0,brick,3.06,38540000.0,37.3,1033243.9678284184
ALM-11067,2026-05-30,Medeu,3.0,78.6,1.0,3,,brick,2.77,90500000.0,78.6,1151399.4910941476
ALM-10391,2026-05-30,,2.0,50.4,2.0,3,,brick,,31590000.0,50.4,626785.7142857143
ALM-10136,2026-05-30,Zhetysu,2.0,56.8,2.0,3,1986.0,brick,,36710000.0,56.8,646302.8169014085
ALM-11160,2026-05-31,Alatau,1.0,38.4,9.0,9,2005.0,monolith,2.77,20990000.0,38.4,546614.5833333334
ALM-10579,2026-05-31,Turksib,2.0,44.9,9.0,16,2021.0,monolith,2.71,29670000.0,44.9,660801.7817371938
ALM-10615,2026-05-31,Alatau,2.0,67.2,2.0,12,,panel,2.58,27670000.0,67.2,411755.95238095237
ALM-10486,2026-05-31,Alatau,2.0,53.7,10.0,12,1991.0,panel,,26800000.0,53.7,499068.9013035381
ALM-10295,2026-05-31,Turksib,2.0,64.9,1.0,12,1974.0,panel,2.55,24420000.0,64.9,376271.1864406779
ALM-10614,2026-06-01,Almaly,4.0,92.3,1.0,3,1969.0,brick,2.77,83720000.0,92.3,907042.2535211268
ALM-10145,2026-06-01,Auezov,4.0,107.4,23.0,25,2014.0,monolith,2.94,81790000.0,107.4,761545.6238361266
ALM-10401,2026-06-01,Medeu,4.0,103.3,7.0,9,1973.0,panel,2.59,114210000.0,103.3,1105614.7144240078
ALM-10988,2026-06-01,Zhetysu,3.0,70.0,6.0,9,1966.0,panel,2.59,40480000.0,70.0,578285.7142857143
ALM-10547,2026-06-02,Almaly,3.0,66.1,5.0,5,1990.0,panel,2.53,48620000.0,66.1,735552.193645991
ALM-10945,2026-06-02,Bostandyk,2.0,57.2,8.0,9,1980.0,panel,2.53,51830000.0,57.2,906118.881118881
ALM-11157,2026-06-02,Zhetysu,1.0,50.2,1.0,25,2018.0,monolith,2.77,36930000.0,50.2,735657.3705179283
ALM-11016,2026-06-02,Turksib,2.0,55.8,2.0,3,1968.0,brick,,33550000.0,55.8,601254.4802867384
ALM-11026,2026-06-03,Medeu,1.0,39.7,9.0,20,2012.0,monolith,2.73,46860000.0,39.7,1180352.6448362719
ALM-10481,2026-06-03,Alatau,1.0,33.8,11.0,12,1989.0,panel,2.57,15690000.0,33.8,464201.1834319527
ALM-10197,2026-06-03,Zhetysu,3.0,76.0,14.0,25,2013.0,monolith,3.0,57810000.0,76.0,760657.8947368421
ALM-10230,2026-06-04,Almaly,3.0,92.6,6.0,9,1989.0,panel,2.66,72280000.0,92.6,780561.555075594
ALM-10640,2026-06-04,Zhetysu,3.0,79.7,7.0,9,2007.0,monolith,2.89,62990000.0,79.7,790338.7703889585
ALM-10628,2026-06-04,Medeu,3.0,82.3,,5,1964.0,brick,3.13,87600000.0,82.3,1064398.5419198056
ALM-11062,2026-06-04,Turksib,3.0,83.0,2.0,12,1978.0,panel,2.55,36710000.0,83.0,442289.156626506
ALM-10837,2026-06-04,Bostandyk,3.0,88.9,8.0,16,2014.0,monolith,2.77,91960000.0,88.9,1034420.6974128233
ALM-10063,2026-06-04,Medeu,2.0,52.7,3.0,9,1978.0,panel,2.59,54120000.0,52.7,1026944.9715370019
ALM-10683,2026-06-04,Bostandyk,2.0,52.7,8.0,9,1979.0,brick,2.79,56000000.0,52.7,1062618.595825427
ALM-10613,2026-06-04,Nauryzbay,3.0,74.9,8.0,16,2019.0,monolith,2.83,38520000.0,74.9,514285.71428571426
ALM-10554,2026-06-05,Alatau,4.0,89.6,4.0,9,1976.0,panel,2.62,44700000.0,89.6,498883.9285714286
ALM-10257,2026-06-05,,3.0,42.0,3.0,9,1975.0,panel,,25270000.0,42.0,601666.6666666666
ALM-10706,2026-06-05,Nauryzbay,2.0,56.3,12.0,25,,monolith,2.98,29060000.0,56.3,516163.41030195385
ALM-10158,2026-06-05,Zhetysu,1.0,40.1,5.0,5,1966.0,brick,2.91,28060000.0,40.1,699750.6234413965
ALM-10531,2026-06-05,,1.0,39.0,3.0,4,2003.0,brick,2.99,43640000.0,39.0,1118974.358974359
ALM-10323,2026-06-05,Medeu,1.0,34.5,14.0,20,2007.0,monolith,2.89,39940000.0,34.5,1157681.1594202898
ALM-10418,2026-06-06,Alatau,1.0,38.6,17.0,25,2023.0,monolith,2.73,20280000.0,38.6,525388.6010362695
ALM-10184,2026-06-06,Zhetysu,2.0,65.5,1.0,4,1970.0,brick,2.77,35010000.0,65.5,534503.8167938931
ALM-10385,2026-06-06,Medeu,2.0,57.8,10.0,16,2021.0,monolith,2.82,60870000.0,57.8,1053114.1868512111
ALM-10812,2026-06-06,Nauryzbay,2.0,56.9,5.0,5,1968.0,brick,3.04,25720000.0,56.9,452021.08963093144
ALM-10676,2026-06-06,Turksib,2.0,51.5,-1.0,5,1968.0,panel,2.66,25020000.0,51.5,485825.2427184466
ALM-10927,2026-06-06,Turksib,3.0,69.5,20.0,20,2016.0,monolith,2.87,37700000.0,69.5,542446.0431654677
ALM-11158,2026-06-06,Medeu,2.0,55.3,4.0,5,1967.0,panel,2.51,52910000.0,55.3,956781.1934900543
ALM-11000,2026-06-06,Medeu,2.0,45.7,1.0,5,1999.0,brick,2.72,43750000.0,45.7,957330.4157549234
ALM-10296,2026-06-07,,2.0,56.7,5.0,12,1969.0,panel,2.59,47480000.0,56.7,837389.770723104
ALM-10109,2026-06-07,Alatau,2.0,46.4,11.0,12,2023.0,monolith,2.97,25380000.0,46.4,546982.7586206896
ALM-10263,2026-06-08,,2.0,60.5,9.0,9,2021.0,monolith,2.73,36110000.0,60.5,596859.5041322313
ALM-10806,2026-06-08,Medeu,3.0,86.1,8.0,20,2017.0,monolith,2.89,113570000.0,86.1,1319047.6190476192
ALM-10168,2026-06-08,Alatau,1.0,42.8,3.0,12,2022.0,monolith,2.89,27400000.0,42.8,640186.9158878505
ALM-10412,2026-06-08,Medeu,2.0,60.5,2.0,4,1992.0,brick,3.01,65900000.0,60.5,1089256.1983471075
ALM-10679,2026-06-08,,3.0,56.2,9.0,9,1984.0,panel,2.53,30040000.0,56.2,534519.5729537366
ALM-10942,2026-06-08,Zhetysu,4.0,94.6,2.0,5,1959.0,brick,,57040000.0,94.6,602959.8308668076
ALM-10306,2026-06-08,Nauryzbay,3.0,68.0,5.0,5,,panel,2.7,27660000.0,68.0,406764.70588235295
ALM-10480,2026-06-09,Auezov,2.0,66.7,1.0,12,1979.0,panel,2.62,40150000.0,66.7,601949.0254872564
ALM-10147,2026-06-09,Bostandyk,2.0,59.8,4.0,5,1968.0,panel,2.5,52360000.0,59.8,875585.2842809365
ALM-10004,2026-06-09,Bostandyk,1.0,26.7,9.0,20,2024.0,monolith,2.84,30970000.0,26.7,1159925.0936329588
ALM-10782,2026-06-09,Medeu,2.0,46.2,1.0,9,2024.0,monolith,2.88,52630000.0,46.2,1139177.4891774892
ALM-11015,2026-06-09,Turksib,3.0,74.4,5.0,5,1973.0,panel,2.52,36650000.0,74.4,492607.5268817204
ALM-10783,2026-06-10,Medeu,4.0,120.4,12.0,12,2017.0,monolith,2.85,149210000.0,120.4,1239285.7142857143
ALM-11167,2026-06-10,Nauryzbay,1.0,42.5,3.0,5,1982.0,panel,2.61,19970000.0,42.5,469882.35294117645
ALM-10476,2026-06-10,Medeu,4.0,85.2,6.0,9,1972.0,panel,,73770000.0,85.2,865845.0704225352
ALM-10482,2026-06-11,Nauryzbay,2.0,62.3,2.0,9,1988.0,panel,2.69,27160000.0,62.3,435955.0561797753
ALM-10010,2026-06-11,Auezov,2.0,58.2,20.0,20,2007.0,monolith,2.82,46290000.0,58.2,795360.824742268
ALM-10788,2026-06-11,Alatau,1.0,47.6,12.0,12,1971.0,panel,,17170000.0,47.6,360714.2857142857
ALM-10893,2026-06-12,Bostandyk,4.0,112.4,1.0,4,,brick,3.02,111780000.0,112.4,994483.9857651246
ALM-11139,2026-06-12,Medeu,2.0,58.9,4.0,4,1982.0,brick,,66820000.0,58.9,1134465.19524618
ALM-11098,2026-06-12,Medeu,5.0,146.5,4.0,5,1968.0,panel,2.52,149220000.0,146.5,1018566.5529010239
ALM-10104,2026-06-13,Auezov,2.0,63.9,2.0,9,1987.0,panel,2.52,34650000.0,63.9,542253.5211267605
ALM-10515,2026-06-13,Turksib,4.0,93.0,2.0,9,1984.0,brick,2.81,57010000.0,93.0,613010.752688172
ALM-11154,2026-06-13,Medeu,5.0,137.8,4.0,25,2017.0,monolith,2.93,183190000.0,137.8,1329390.4208998547
ALM-10833,2026-06-13,Zhetysu,1.0,46.1,4.0,5,1987.0,panel,2.63,25880000.0,46.1,561388.2863340564
ALM-10680,2026-06-13,Almaly,2.0,46.7,5.0,5,1974.0,panel,,35990000.0,46.7,770663.8115631691
ALM-10864,2026-06-13,Auezov,2.0,50.9,5.0,9,1964.0,panel,2.68,28530000.0,50.9,560510.8055009823
ALM-10965,2026-06-13,Alatau,3.0,84.5,8.0,9,1964.0,panel,2.65,37940000.0,84.5,448994.08284023666
ALM-10127,2026-06-14,Zhetysu,3.0,86.7,3.0,12,1980.0,panel,2.61,41900000.0,86.7,483275.663206459
ALM-10738,2026-06-14,,2.0,50.1,1.0,5,1958.0,brick,2.71,44710000.0,50.1,892415.1696606786
ALM-10746,2026-06-14,Medeu,2.0,50.3,11.0,12,1973.0,panel,2.51,53780000.0,50.3,1069184.8906560636
ALM-11056,2026-06-14,Turksib,2.0,49.0,11.0,12,1967.0,panel,,20890000.0,49.0,426326.5306122449
ALM-10635,2026-06-14,Auezov,2.0,57.6,6.0,9,1974.0,panel,2.69,31200000.0,57.6,541666.6666666666
ALM-11063,2026-06-15,Zhetysu,1.0,31.2,12.0,16,2018.0,monolith,2.73,20110000.0,31.2,644551.2820512821
ALM-10657,2026-06-15,Auezov,4.0,111.7,14.0,25,2012.0,monolith,2.89,86610000.0,111.7,775380.4834377797
ALM-10234,2026-06-15,Zhetysu,3.0,81.6,6.0,20,2016.0,monolith,2.77,58000000.0,81.6,710784.3137254902
ALM-10641,2026-06-15,Medeu,1.0,45.0,9.0,12,1986.0,panel,2.55,39400000.0,45.0,875555.5555555555
ALM-10321,2026-06-16,Zhetysu,4.0,106.9,,5,1968.0,panel,2.64,70980000.0,106.9,663985.0327408793
ALM-11176,2026-06-16,Auezov,2.0,56.3,5.0,5,,panel,2.51,30730000.0,56.3,545825.9325044405
ALM-10446,2026-06-17,Bostandyk,3.0,74.1,5.0,12,1975.0,panel,2.64,57870000.0,74.1,780971.6599190284
ALM-10390,2026-06-17,,2.0,53.5,2.0,20,2021.0,monolith,2.71,41950000.0,53.5,784112.1495327103
ALM-10542,2026-06-17,Medeu,2.0,63.4,7.0,9,1992.0,panel,2.5,55260000.0,63.4,871608.832807571
ALM-10248,2026-06-17,Auezov,3.0,81.9,16.0,25,2018.0,monolith,2.75,59440000.0,81.9,725763.1257631257
ALM-10909,2026-06-18,Alatau,2.0,565.0,7.0,16,2023.0,monolith,2.93,32610000.0,565.0,57716.81415929204
ALM-10002,2026-06-18,Bostandyk,1.0,33.6,8.0,9,2020.0,monolith,2.71,36360000.0,33.6,1082142.857142857
ALM-10242,2026-06-18,Auezov,2.0,50.9,13.0,16,2015.0,monolith,2.82,34280000.0,50.9,673477.4066797643
ALM-11072,2026-06-18,Almaly,1.0,31.7,12.0,12,1974.0,panel,,23330000.0,31.7,735962.14511041
ALM-10580,2026-06-18,Auezov,1.0,46.6,1.0,12,1976.0,panel,2.7,26100000.0,46.6,560085.8369098712
ALM-11107,2026-06-18,Almaly,1.0,40.0,13.0,25,2009.0,monolith,2.83,43920000.0,40.0,1098000.0
ALM-10832,2026-06-18,Zhetysu,2.0,56.6,4.0,5,1986.0,brick,2.93,35980000.0,56.6,635689.0459363958
ALM-10823,2026-06-18,,2.0,35.6,6.0,9,,brick,2.92,20360000.0,35.6,571910.1123595505
ALM-10334,2026-06-18,Alatau,2.0,51.5,14.0,20,2005.0,monolith,2.84,25630000.0,51.5,497669.9029126214
ALM-10882,2026-06-19,Auezov,3.0,75.9,5.0,9,,panel,2.53,47390000.0,75.9,624374.1765480896
ALM-10397,2026-06-19,Medeu,2.0,52.2,19.0,20,2019.0,monolith,2.89,58200000.0,52.2,1114942.528735632
ALM-10990,2026-06-19,Turksib,1.0,31.6,1.0,9,1990.0,brick,2.71,15780000.0,31.6,499367.0886075949
ALM-10894,2026-06-19,Alatau,3.0,59.7,4.0,4,1998.0,brick,3.18,29280000.0,59.7,490452.26130653266
ALM-10305,2026-06-19,Turksib,2.0,52.8,2.0,16,2020.0,monolith,2.77,29130000.0,52.8,551704.5454545455
ALM-10261,2026-06-20,Alatau,2.0,68.5,22.0,25,2024.0,monolith,2.75,34550000.0,68.5,504379.5620437956
ALM-10624,2026-06-21,Alatau,1.0,39.6,8.0,9,1993.0,brick,3.0,18160000.0,39.6,458585.85858585854
ALM-10730,2026-06-21,Medeu,2.0,59.2,4.0,9,2000.0,brick,2.74,58020000.0,59.2,980067.5675675676
ALM-10278,2026-06-21,Almaly,5.0,125.7,3.0,9,1977.0,panel,2.56,86760000.0,125.7,690214.7971360382
ALM-11086,2026-06-22,Medeu,2.0,53.3,1.0,12,2013.0,monolith,2.92,56650000.0,53.3,1062851.7823639775
ALM-10978,2026-06-22,,2.0,59.0,3.0,12,,panel,2.61,27340000.0,59.0,463389.83050847455
ALM-11037,2026-06-22,Almaly,2.0,40.8,5.0,12,1978.0,panel,,31370000.0,40.8,768872.549019608
ALM-10299,2026-06-22,Nauryzbay,2.0,52.1,19.0,20,2022.0,monolith,2.86,27700000.0,52.1,531669.8656429942
ALM-10282,2026-06-22,Almaly,2.0,55.0,1.0,5,,panel,2.54,38870000.0,55.0,706727.2727272727
ALM-10193,2026-06-22,Auezov,5.0,141.6,16.0,20,2021.0,monolith,,87470000.0,141.6,617725.988700565
ALM-10967,2026-06-22,Nauryzbay,4.0,76.8,1.0,20,2009.0,monolith,2.78,32090000.0,76.8,417838.5416666667
ALM-10239,2026-06-23,Turksib,3.0,92.4,5.0,5,1979.0,panel,2.66,40300000.0,92.4,436147.18614718615
ALM-10755,2026-06-23,Auezov,1.0,42.2,7.0,9,1956.0,brick,3.08,27030000.0,42.2,640521.327014218
ALM-10718,2026-06-24,Turksib,1.0,41.2,3.0,5,1985.0,panel,2.59,19530000.0,41.2,474029.1262135922
ALM-10403,2026-06-24,Bostandyk,5.0,157.6,9.0,16,2013.0,monolith,2.71,193000000.0,157.6,1224619.2893401016
ALM-10183,2026-06-24,Nauryzbay,3.0,80.8,4.0,5,1970.0,brick,2.77,40500000.0,80.8,501237.62376237626
ALM-10303,2026-06-24,Bostandyk,2.0,44.0,1.0,9,2018.0,monolith,2.99,49760000.0,44.0,1130909.0909090908
ALM-11065,2026-06-24,Bostandyk,3.0,86.5,12.0,12,1992.0,panel,2.58,71510000.0,86.5,826705.2023121387
ALM-11147,2026-06-25,Almaly,2.0,56.7,4.0,9,2018.0,monolith,2.86,57130000.0,56.7,1007583.7742504409
ALM-10748,2026-06-25,Nauryzbay,5.0,150.8,2.0,9,1964.0,panel,2.51,58020000.0,150.8,384748.01061007957
ALM-11017,2026-06-25,Turksib,1.0,30.3,1.0,12,1981.0,panel,,12810000.0,30.3,422772.27722772275
ALM-10916,2026-06-25,Zhetysu,3.0,91.1,4.0,5,1979.0,brick,2.93,65090000.0,91.1,714489.5718990121
ALM-10776,2026-06-25,Almaly,4.0,118.0,3.0,12,1992.0,panel,2.51,102590000.0,118.0,869406.779661017
ALM-11006,2026-06-26,Bostandyk,5.0,155.4,20.0,25,2019.0,monolith,2.8,167190000.0,155.4,1075868.725868726
ALM-10203,2026-06-26,Nauryzbay,1.0,35.2,4.0,9,1979.0,brick,3.04,16470000.0,35.2,467897.72727272724
ALM-10026,2026-06-26,Alatau,2.0,47.6,9.0,9,1967.0,panel,2.7,22020000.0,47.6,462605.0420168067
ALM-11049,2026-06-26,Medeu,1.0,41.6,11.0,12,1966.0,panel,2.69,42120000.0,41.6,1012500.0
ALM-10065,2026-06-26,Almaly,2.0,52.6,22.0,25,,monolith,2.84,55190000.0,52.6,1049239.5437262356
ALM-10060,2026-06-27,Turksib,3.0,74.1,4.0,9,2023.0,monolith,2.88,41140000.0,74.1,555195.681511471
ALM-10768,2026-06-27,Auezov,2.0,62.7,4.0,5,1979.0,brick,3.0,41820000.0,62.7,666985.6459330143
ALM-10436,2026-06-27,Turksib,3.0,92.2,4.0,4,1970.0,brick,,52030000.0,92.2,564316.7028199566
ALM-10404,2026-06-27,Alatau,2.0,45.2,6.0,16,2023.0,monolith,2.88,24540000.0,45.2,542920.3539823008
ALM-10228,2026-06-27,Medeu,2.0,65.9,7.0,9,1962.0,panel,2.61,62130000.0,65.9,942792.109256449
ALM-10604,2026-06-27,Auezov,4.0,120.1,2.0,5,1968.0,panel,2.62,76250000.0,120.1,634887.59367194
ALM-10593,2026-06-28,Alatau,2.0,60.5,23.0,25,2016.0,monolith,2.87,33620000.0,60.5,555702.479338843
ALM-10840,2026-06-28,Zhetysu,1.0,36.4,1.0,3,1966.0,brick,2.93,24350000.0,36.4,668956.043956044
ALM-10191,2026-06-29,Almaly,1.0,39.5,3.0,20,2019.0,monolith,2.95,43250000.0,39.5,1094936.7088607594
ALM-11132,2026-06-29,Medeu,1.0,31.5,7.0,25,2017.0,monolith,2.94,37430000.0,31.5,1188253.9682539683
ALM-10246,2026-06-29,Auezov,1.0,38.8,5.0,5,1994.0,brick,2.9,24860000.0,38.8,640721.6494845361
ALM-11196,2026-06-29,Almaly,2.0,60.9,1.0,5,1952.0,brick,2.73,51560000.0,60.9,846633.8259441708
ALM-10595,2026-06-29,Alatau,1.0,38.6,4.0,5,1979.0,panel,2.64,16830000.0,38.6,436010.3626943005
ALM-10740,2026-06-30,Almaly,3.0,69.1,10.0,16,2006.0,monolith,2.87,71680000.0,69.1,1037337.1924746744
ALM-11181,2026-07-01,Auezov,1.0,35.4,9.0,25,2010.0,monolith,2.84,23580000.0,35.4,666101.6949152543
ALM-10192,2026-07-01,Turksib,2.0,62.7,22.0,25,2014.0,monolith,2.75,40110000.0,62.7,639712.918660287
ALM-10591,2026-07-01,Almaly,2.0,49.9,4.0,9,1969.0,panel,2.56,39750000.0,49.9,796593.1863727455
ALM-10696,2026-07-01,Almaly,3.0,90.1,3.0,3,2003.0,brick,3.1,89590000.0,90.1,994339.6226415095
ALM-10301,2026-07-01,,2.0,48.6,20.0,20,2024.0,monolith,2.79,50310000.0,48.6,1035185.1851851852
ALM-11177,2026-07-01,Almaly,4.0,128.6,1.0,12,1988.0,panel,2.53,81170000.0,128.6,631181.9595645412
ALM-11080,2026-07-01,Nauryzbay,2.0,61.1,15.0,16,2019.0,monolith,2.71,34250000.0,61.1,560556.464811784
ALM-11186,2026-07-02,Bostandyk,4.0,104.3,4.0,5,1968.0,panel,2.53,74820000.0,104.3,717353.787152445
ALM-10453,2026-07-02,Turksib,1.0,39.9,7.0,12,2006.0,monolith,2.77,24680000.0,39.9,618546.3659147869
ALM-10466,2026-07-02,Medeu,3.0,90.9,3.0,9,1982.0,panel,2.64,88400000.0,90.9,972497.2497249724
ALM-10514,2026-07-02,,2.0,69.2,7.0,9,1972.0,panel,2.63,43940000.0,69.2,634971.098265896
ALM-10697,2026-07-02,Auezov,1.0,43.4,1.0,4,1950.0,brick,2.85,29060000.0,43.4,669585.2534562212
ALM-10644,2026-07-03,Zhetysu,1.0,39.1,3.0,5,1996.0,brick,2.71,23860000.0,39.1,610230.1790281329
ALM-10842,2026-07-03,Auezov,4.0,109.4,4.0,25,2006.0,monolith,2.88,87440000.0,109.4,799268.7385740401
ALM-11028,2026-07-03,Alatau,4.0,148.1,1.0,4,2000.0,brick,3.15,72750000.0,148.1,491222.14719783934
ALM-10633,2026-07-03,Bostandyk,1.0,31.7,1.0,9,1976.0,panel,2.52,25170000.0,31.7,794006.309148265
ALM-10347,2026-07-04,Auezov,2.0,42.6,1.0,5,1978.0,panel,2.65,24260000.0,42.6,569483.5680751173
ALM-11118,2026-07-04,Turksib,1.0,39.8,6.0,9,1966.0,panel,2.57,22590000.0,39.8,567587.9396984925
ALM-10227,2026-07-04,Turksib,2.0,49.5,6.0,9,1963.0,panel,2.57,22810000.0,49.5,460808.0808080808
ALM-10560,2026-07-05,Almaly,1.0,32.2,11.0,20,2019.0,monolith,2.89,29510000.0,32.2,916459.6273291925
ALM-10094,2026-07-05,Auezov,1.0,40.8,5.0,5,1976.0,brick,,23060000.0,40.8,565196.0784313725
ALM-11121,2026-07-05,Alatau,2.0,59.4,4.0,16,2016.0,monolith,2.93,32800000.0,59.4,552188.5521885522
ALM-10871,2026-07-05,Zhetysu,1.0,38.4,4.0,5,1994.0,brick,2.73,24460000.0,38.4,636979.1666666667
ALM-10605,2026-07-05,Nauryzbay,2.0,54.3,5.0,20,2006.0,monolith,2.76,36960000.0,54.3,680662.9834254144
ALM-10008,2026-07-05,Almaly,4.0,96.9,3.0,9,1989.0,panel,,75690000.0,96.9,781114.5510835913
ALM-10283,2026-07-05,Zhetysu,3.0,80.7,1.0,12,1982.0,panel,2.66,42340000.0,80.7,524659.2317224287
ALM-11136,2026-07-06,Bostandyk,2.0,61.2,3.0,12,1979.0,panel,,55200000.0,61.2,901960.7843137254
ALM-10256,2026-07-06,Bostandyk,1.0,29.7,9.0,9,2009.0,monolith,,29370000.0,29.7,988888.8888888889
ALM-10786,2026-07-06,Medeu,3.0,76.7,2.0,4,1972.0,brick,2.76,86620000.0,76.7,1129335.071707953
ALM-10751,2026-07-06,Turksib,3.0,79.2,3.0,20,2020.0,monolith,2.89,47540000.0,79.2,600252.5252525252
ALM-10549,2026-07-06,Alatau,2.0,62.0,3.0,12,1964.0,panel,,28490000.0,62.0,459516.12903225806
ALM-10671,2026-07-06,Almaly,2.0,47.3,2.0,9,2016.0,monolith,2.98,46120000.0,47.3,975052.8541226216
ALM-10172,2026-07-07,Bostandyk,2.0,55.8,2.0,5,1992.0,panel,2.65,49820000.0,55.8,892831.5412186381
ALM-10166,2026-07-07,Zhetysu,4.0,115.6,12.0,16,2010.0,monolith,2.94,78630000.0,115.6,680190.3114186851
ALM-10516,2026-07-07,Turksib,1.0,34.4,2.0,5,1989.0,panel,,15260000.0,34.4,443604.6511627907
ALM-10245,2026-07-07,Nauryzbay,1.0,36.7,7.0,12,1985.0,panel,2.56,15660000.0,36.7,426702.99727520434
ALM-10928,2026-07-07,Bostandyk,1.0,42.4,6.0,9,1984.0,panel,,40370000.0,42.4,952122.641509434
ALM-11038,2026-07-07,Auezov,3.0,77.0,1.0,9,1965.0,panel,2.52,43580000.0,77.0,565974.025974026
ALM-10233,2026-07-07,Alatau,2.0,59.3,3.0,9,2000.0,brick,2.89,25280000.0,59.3,426306.9139966273
ALM-10157,2026-07-07,Medeu,4.0,103.5,1.0,12,2008.0,monolith,2.7,108730000.0,103.5,1050531.4009661835
ALM-11045,2026-07-08,Medeu,1.0,43.2,2.0,4,1998.0,brick,3.17,47950000.0,43.2,1109953.7037037036
ALM-10931,2026-07-08,Bostandyk,3.0,64.6,5.0,9,1958.0,brick,,59590000.0,64.6,922445.8204334367
ALM-10647,2026-07-08,Auezov,1.0,40.9,4.0,5,1980.0,panel,2.67,23530000.0,40.9,575305.6234718827
ALM-11200,2026-07-08,Bostandyk,3.0,83.0,5.0,12,1990.0,panel,2.54,71940000.0,83.0,866746.9879518072
ALM-10818,2026-07-08,,1.0,34.3,12.0,12,1970.0,panel,2.57,25480000.0,34.3,742857.142857143
ALM-10792,2026-07-09,Zhetysu,1.0,30.1,18.0,25,2005.0,monolith,2.93,19690000.0,30.1,654152.8239202658
ALM-10895,2026-07-09,Turksib,1.0,42.4,2.0,5,1966.0,panel,2.52,20220000.0,42.4,476886.7924528302
ALM-10576,2026-07-09,Turksib,3.0,78.1,5.0,5,1987.0,panel,,37970000.0,78.1,486171.5749039693
ALM-10318,2026-07-09,Almaly,2.0,60.3,11.0,12,2017.0,monolith,2.96,57600000.0,60.3,955223.880597015
ALM-10111,2026-07-09,Turksib,4.0,116.1,3.0,4,1979.0,brick,,63730000.0,116.1,548923.3419465978
ALM-10477,2026-07-09,Bostandyk,2.0,53.5,11.0,12,1973.0,panel,,44040000.0,53.5,823177.5700934579
ALM-10265,2026-07-09,Almaly,2.0,59.3,9.0,9,1976.0,panel,2.64,48780000.0,59.3,822596.9645868465
ALM-10090,2026-07-10,Zhetysu,3.0,80.1,16.0,25,2012.0,monolith,2.89,67530000.0,80.1,843071.1610486892
ALM-10324,2026-07-10,Nauryzbay,1.0,28.8,9.0,25,2013.0,monolith,2.9,15540000.0,28.8,539583.3333333334
ALM-10512,2026-07-10,Nauryzbay,1.0,34.2,16.0,16,2010.0,monolith,2.9,18370000.0,34.2,537134.5029239765
ALM-10524,2026-07-10,Zhetysu,5.0,123.4,6.0,12,2008.0,monolith,2.79,86380000.0,123.4,700000.0
ALM-10178,2026-07-10,Zhetysu,2.0,69.2,4.0,5,1977.0,panel,2.61,38730000.0,69.2,559682.0809248554
ALM-10216,2026-07-10,Almaly,4.0,87.5,5.0,5,1986.0,panel,,70570000.0,87.5,806514.2857142857
ALM-10562,2026-07-10,Bostandyk,3.0,76.8,13.0,16,2020.0,monolith,2.98,101700000.0,76.8,1324218.75
ALM-11165,2026-07-10,Auezov,3.0,68.2,7.0,12,1979.0,panel,2.6,42300000.0,68.2,620234.6041055719
ALM-10160,2026-07-11,Alatau,5.0,153.1,4.0,9,1964.0,brick,3.13,86860000.0,153.1,567341.6067929458
ALM-10705,2026-07-11,Auezov,1.0,32.4,7.0,12,2015.0,monolith,2.95,23030000.0,32.4,710802.4691358025
ALM-10879,2026-07-11,Turksib,3.0,77.5,1.0,9,2015.0,monolith,2.79,48480000.0,77.5,625548.3870967742
ALM-10526,2026-07-11,Alatau,4.0,97.3,2.0,5,1970.0,panel,,43870000.0,97.3,450873.5868448099
ALM-10240,2026-07-12,Turksib,2.0,44.2,7.0,16,2016.0,monolith,2.71,25680000.0,44.2,580995.4751131221
ALM-10536,2026-07-12,,1.0,30.8,9.0,9,1983.0,panel,2.58,16140000.0,30.8,524025.974025974
ALM-10750,2026-07-13,Alatau,1.0,26.5,4.0,4,1972.0,brick,,11440000.0,26.5,431698.11320754717
ALM-10857,2026-07-13,Alatau,3.0,83.7,1.0,5,1989.0,panel,,33610000.0,83.7,401553.1660692951
ALM-10925,2026-07-13,Turksib,2.0,50.5,1.0,5,1990.0,panel,2.52,24230000.0,50.5,479801.9801980198
ALM-10253,2026-07-14,Auezov,2.0,67.2,2.0,3,2000.0,brick,3.12,47850000.0,67.2,712053.5714285714
ALM-10881,2026-07-14,Medeu,2.0,57.5,,5,1962.0,panel,,60900000.0,57.5,1059130.4347826086
ALM-11116,2026-07-14,Almaly,3.0,76.8,1.0,5,1986.0,panel,2.57,52470000.0,76.8,683203.125
ALM-10713,2026-07-14,Bostandyk,5.0,156.6,9.0,9,2012.0,monolith,2.9,162880000.0,156.6,1040102.171136654
ALM-10149,2026-07-14,Zhetysu,3.0,87.4,3.0,5,2004.0,brick,2.93,63140000.0,87.4,722425.6292906178
ALM-10690,2026-07-14,Bostandyk,1.0,25.9,4.0,16,2008.0,monolith,,28630000.0,25.9,1105405.4054054054
ALM-10377,2026-07-15,Medeu,2.0,59.4,4.0,5,1974.0,panel,2.62,55890000.0,59.4,940909.0909090909
ALM-10961,2026-07-15,Medeu,3.0,70.5,2.0,5,1996.0,brick,2.93,81730000.0,70.5,1159290.780141844
ALM-11055,2026-07-15,Bostandyk,2.0,60.8,3.0,12,,panel,,57640000.0,60.8,948026.3157894737
ALM-10292,2026-07-15,Bostandyk,3.0,83.5,11.0,16,2017.0,monolith,2.79,92340000.0,83.5,1105868.263473054
ALM-11134,2026-07-16,Bostandyk,2.0,56.2,11.0,12,2020.0,monolith,2.8,64670000.0,56.2,1150711.743772242
ALM-10267,2026-07-16,Bostandyk,1.0,36.6,8.0,12,1975.0,panel,2.69,29170000.0,36.6,796994.5355191256
ALM-10981,2026-07-16,Almaly,3.0,87.8,1.0,12,2012.0,monolith,2.88,91720000.0,87.8,1044646.9248291572
ALM-10529,2026-07-16,Auezov,4.0,123.1,3.0,9,,monolith,2.86,87540000.0,123.1,711129.1632818846
ALM-10209,2026-07-16,Auezov,2.0,51.8,2.0,16,2008.0,monolith,2.77,36630000.0,51.8,707142.8571428572
ALM-10431,2026-07-17,Auezov,4.0,110.2,7.0,12,1990.0,panel,,69490000.0,110.2,630580.7622504537
ALM-10548,2026-07-18,Auezov,2.0,57.6,2.0,5,2004.0,brick,2.86,36240000.0,57.6,629166.6666666666
ALM-11005,2026-07-18,,4.0,91.5,2.0,5,1966.0,panel,2.63,39080000.0,91.5,427103.825136612
ALM-10808,2026-07-18,Bostandyk,2.0,50.2,1.0,9,1992.0,panel,2.52,46370000.0,50.2,923705.1792828685
ALM-10506,2026-07-18,Zhetysu,1.0,41.6,2.0,16,2008.0,monolith,2.81,31620000.0,41.6,760096.1538461539
ALM-10609,2026-07-19,Alatau,1.0,38.4,5.0,9,1976.0,panel,2.58,16480000.0,38.4,429166.6666666667
ALM-10594,2026-07-19,Bostandyk,2.0,55.8,3.0,3,1973.0,brick,2.81,55100000.0,55.8,987455.1971326165
ALM-10513,2026-07-19,Medeu,4.0,116.0,2.0,9,2014.0,monolith,2.86,167770000.0,116.0,1446293.103448276
ALM-11082,2026-07-19,Alatau,2.0,52.9,6.0,12,1979.0,panel,,24030000.0,52.9,454253.3081285444
ALM-11148,2026-07-20,Bostandyk,2.0,49.5,-1.0,12,1974.0,panel,2.62,37400000.0,49.5,755555.5555555555
ALM-11197,2026-07-20,Medeu,4.0,114.1,3.0,12,1965.0,panel,2.53,117860000.0,114.1,1032953.5495179667
ALM-10123,2026-07-20,Medeu,2.0,56.7,-1.0,3,2003.0,brick,2.8,58290000.0,56.7,1028042.328042328
ALM-10075,2026-07-20,Almaly,5.0,122.3,3.0,5,1992.0,brick,3.19,109630000.0,122.3,896402.2894521669
ALM-10417,2026-07-21,Bostandyk,3.0,80.0,3.0,3,1996.0,brick,2.8,70410000.0,80.0,880125.0
ALM-10992,2026-07-21,Medeu,3.0,93.9,3.0,4,1989.0,brick,2.72,105540000.0,93.9,1123961.661341853
ALM-11149,2026-07-22,Nauryzbay,2.0,63.5,22.0,25,2022.0,monolith,2.93,35900000.0,63.5,565354.3307086615
ALM-10339,2026-07-22,Bostandyk,3.0,78.4,7.0,12,1971.0,panel,2.68,67330000.0,78.4,858801.0204081632
ALM-10747,2026-07-22,Turksib,2.0,46.3,4.0,5,,panel,2.52,25930000.0,46.3,560043.1965442766
ALM-10637,2026-07-22,Medeu,3.0,86.4,5.0,5,1960.0,brick,3.06,99730000.0,86.4,1154282.4074074074
ALM-10368,2026-07-22,Auezov,3.0,65.9,12.0,25,2018.0,monolith,2.75,51550000.0,65.9,782245.8270106221
ALM-10315,2026-07-22,Turksib,2.0,60.9,6.0,9,2019.0,monolith,2.88,38480000.0,60.9,631855.5008210181
ALM-11029,2026-07-23,Alatau,1.0,44.7,5.0,5,1963.0,panel,2.59,20240000.0,44.7,452796.42058165546
ALM-10907,2026-07-23,Alatau,2.0,63.3,2.0,9,2012.0,monolith,2.84,34500000.0,63.3,545023.6966824644
ALM-11022,2026-07-23,Zhetysu,3.0,74.1,4.0,5,1981.0,panel,,43220000.0,74.1,583265.8569500676
ALM-10304,2026-07-24,Nauryzbay,2.0,55.2,3.0,3,1958.0,brick,3.2,25420000.0,55.2,460507.2463768116
ALM-11100,2026-07-24,Turksib,3.0,77.3,4.0,5,1984.0,panel,2.61,39480000.0,77.3,510737.3868046572
ALM-10229,2026-07-25,Zhetysu,3.0,92.9,7.0,9,1989.0,brick,2.78,58830000.0,92.9,633261.5715823466
ALM-10996,2026-07-25,Almaly,3.0,73.6,1.0,12,1965.0,panel,2.62,51980000.0,73.6,706250.0
ALM-10820,2026-07-25,Almaly,4.0,103.1,1.0,25,,monolith,2.98,107610000.0,103.1,1043743.9379243454
ALM-11002,2026-07-25,Bostandyk,1.0,42.0,5.0,5,1997.0,brick,3.01,38970000.0,42.0,927857.1428571428
ALM-10603,2026-07-25,Zhetysu,2.0,52.9,2.0,9,1981.0,panel,2.64,27080000.0,52.9,511909.2627599244
ALM-10765,2026-07-25,Alatau,2.0,47.7,17.0,25,2015.0,monolith,2.88,29840000.0,47.7,625576.5199161426
ALM-10929,2026-07-25,Zhetysu,2.0,56.0,2.0,3,1961.0,brick,2.77,45340000.0,56.0,809642.8571428572
ALM-10577,2026-07-26,Auezov,3.0,80.8,12.0,20,2007.0,monolith,2.71,57400000.0,80.8,710396.0396039605
ALM-10250,2026-07-26,Medeu,1.0,38.4,1.0,9,2013.0,monolith,2.99,46930000.0,38.4,1222135.4166666667
ALM-10449,2026-07-26,Bostandyk,2.0,66.7,9.0,12,1976.0,panel,2.52,64280000.0,66.7,963718.1409295351
ALM-10344,2026-07-26,Zhetysu,1.0,39.8,5.0,5,1967.0,panel,2.53,21420000.0,39.8,538190.9547738694
ALM-10181,2026-07-27,Almaly,2.0,61.3,16.0,25,2013.0,monolith,2.79,65440000.0,61.3,1067536.704730832
ALM-10838,2026-07-28,,3.0,85.8,5.0,9,1992.0,panel,2.62,37360000.0,85.8,435431.23543123546
ALM-10437,2026-07-28,Zhetysu,1.0,41.5,3.0,16,2007.0,monolith,2.88,33660000.0,41.5,811084.3373493976
ALM-10756,2026-07-28,Medeu,2.0,61.9,2.0,9,1994.0,brick,3.08,74230000.0,61.9,1199192.2455573506
ALM-10071,2026-07-28,Zhetysu,3.0,74.2,9.0,9,2024.0,monolith,3.0,49820000.0,74.2,671428.5714285714
ALM-10015,2026-07-28,Alatau,2.0,57.2,8.0,9,1985.0,panel,2.56,25000000.0,57.2,437062.93706293707
ALM-11142,2026-07-29,Bostandyk,2.0,62.9,8.0,20,2017.0,monolith,2.95,70240000.0,62.9,1116693.1637519873
ALM-10949,2026-07-29,Medeu,1.0,36.5,5.0,5,1983.0,panel,2.66,29910000.0,36.5,819452.0547945206
ALM-10384,2026-07-30,Alatau,2.0,64.0,3.0,12,1971.0,panel,2.55,29050000.0,64.0,453906.25
ALM-11105,2026-07-30,Zhetysu,2.0,60.0,7.0,9,1965.0,panel,,34050000.0,60.0,567500.0
ALM-10976,2026-07-30,,1.0,37.9,10.0,20,2015.0,monolith,2.91,22810000.0,37.9,601846.9656992084
ALM-10440,2026-07-30,Auezov,3.0,879.0,1.0,12,1976.0,panel,,48370000.0,879.0,55028.44141069397
ALM-10452,2026-07-30,Turksib,1.0,37.8,6.0,20,2018.0,monolith,,24020000.0,37.8,635449.7354497355
ALM-11099,2026-07-31,Alatau,4.0,95.3,2.0,5,1981.0,panel,,42410000.0,95.3,445015.73976915004
ALM-10767,2026-08-01,Almaly,1.0,26.8,5.0,9,,panel,2.68,23710000.0,26.8,884701.4925373134
ALM-10383,2026-08-01,Bostandyk,1.0,32.1,1.0,4,,brick,2.9,24950000.0,32.1,777258.5669781931
ALM-10908,2026-08-01,Turksib,2.0,59.6,5.0,5,1986.0,panel,2.52,28300000.0,59.6,474832.2147651007
ALM-10320,2026-08-01,Auezov,4.0,101.2,1.0,5,1989.0,panel,2.53,52030000.0,101.2,514130.4347826087
ALM-10096,2026-08-01,Medeu,4.0,89.5,1.0,9,,brick,2.95,87370000.0,89.5,976201.1173184358
ALM-10951,2026-08-01,Alatau,2.0,56.7,6.0,9,1975.0,panel,2.66,27460000.0,56.7,484303.3509700176
ALM-10052,2026-08-02,Turksib,2.0,65.0,5.0,5,1963.0,panel,2.51,27090000.0,65.0,416769.23076923075
ALM-10936,2026-08-02,Zhetysu,2.0,50.8,3.0,5,1977.0,panel,2.69,29500000.0,50.8,580708.6614173228
ALM-10469,2026-08-02,Turksib,1.0,38.3,6.0,9,1968.0,brick,2.86,21840000.0,38.3,570234.9869451697
ALM-10311,2026-08-02,Zhetysu,1.0,30.1,6.0,9,1980.0,panel,2.65,17510000.0,30.1,581727.5747508305
ALM-10185,2026-08-02,Bostandyk,2.0,50.1,3.0,9,2007.0,monolith,2.8,55130000.0,50.1,1100399.2015968063
ALM-10445,2026-08-02,Turksib,1.0,37.1,3.0,4,2001.0,brick,,22470000.0,37.1,605660.3773584905
ALM-10122,2026-08-02,Almaly,2.0,52.9,7.0,9,1970.0,panel,2.61,44880000.0,52.9,848393.1947069943
ALM-11003,2026-08-03,Bostandyk,5.0,151.8,9.0,12,1975.0,panel,,129570000.0,151.8,853557.3122529644
ALM-11052,2026-08-03,Zhetysu,2.0,60.4,3.0,5,1988.0,panel,2.57,30790000.0,60.4,509768.21192052984
ALM-11192,2026-08-03,Turksib,4.0,94.0,9.0,9,1978.0,panel,,42200000.0,94.0,448936.170212766
ALM-10744,2026-08-04,Medeu,3.0,64.3,9.0,9,1969.0,panel,2.51,59000000.0,64.3,917573.8724727839
ALM-10186,2026-08-04,Turksib,1.0,38.0,1.0,5,1964.0,panel,2.51,16000000.0,38.0,421052.63157894736
ALM-10970,2026-08-04,Auezov,3.0,80.5,2.0,3,1957.0,brick,2.76,56830000.0,80.5,705962.7329192547
ALM-10494,2026-08-05,Almaly,3.0,86.7,2.0,5,1962.0,brick,3.11,87480000.0,86.7,1008996.5397923875
ALM-11102,2026-08-05,Nauryzbay,4.0,126.6,11.0,12,1978.0,panel,2.53,49960000.0,126.6,394628.75197472353
ALM-10507,2026-08-05,Turksib,3.0,75.5,3.0,9,1976.0,brick,2.96,50200000.0,75.5,664900.6622516556
ALM-10025,2026-08-06,Bostandyk,1.0,42.6,4.0,9,1976.0,panel,,38820000.0,42.6,911267.6056338028
ALM-10533,2026-08-06,Zhetysu,1.0,38.0,3.0,3,1968.0,brick,2.87,22360000.0,38.0,588421.052631579
ALM-10426,2026-08-07,Alatau,1.0,38.7,3.0,12,1977.0,panel,2.61,17620000.0,38.7,455297.157622739
ALM-10474,2026-08-07,Nauryzbay,4.0,102.9,5.0,5,,panel,2.66,42850000.0,102.9,416423.71234207967
ALM-10896,2026-08-07,Medeu,2.0,52.3,5.0,12,1965.0,panel,2.58,48000000.0,52.3,917782.0267686425
ALM-10859,2026-08-07,Zhetysu,3.0,82.7,18.0,20,2020.0,monolith,2.77,57640000.0,82.7,696977.0253929867
ALM-10062,2026-08-07,Almaly,2.0,62.2,2.0,5,1967.0,panel,,50360000.0,62.2,809646.3022508038
ALM-10711,2026-08-08,Alatau,2.0,50.3,2.0,9,1968.0,panel,2.61,21270000.0,50.3,422862.82306163025
ALM-10766,2026-08-08,Medeu,2.0,43.6,1.0,9,1980.0,brick,2.84,50450000.0,43.6,1157110.0917431193
ALM-10427,2026-08-08,Medeu,2.0,51.6,8.0,20,2009.0,monolith,2.82,59050000.0,51.6,1144379.8449612402
ALM-11069,2026-08-08,Medeu,2.0,63.2,7.0,9,1964.0,panel,2.54,53370000.0,63.2,844462.0253164556
ALM-10013,2026-08-08,Bostandyk,3.0,94.4,5.0,12,1987.0,panel,2.54,68640000.0,94.4,727118.6440677965
ALM-10251,2026-08-09,Almaly,1.0,34.2,1.0,3,,brick,2.75,28090000.0,34.2,821345.0292397661
ALM-10423,2026-08-09,Medeu,1.0,43.7,8.0,16,2007.0,monolith,2.74,54950000.0,43.7,1257437.0709382151
ALM-11115,2026-08-09,Nauryzbay,2.0,49.3,4.0,16,2012.0,monolith,2.94,27100000.0,49.3,549695.7403651116
ALM-10974,2026-08-09,Zhetysu,1.0,39.0,4.0,5,1975.0,brick,2.72,25660000.0,39.0,657948.717948718
ALM-11126,2026-08-10,Alatau,2.0,53.6,1.0,5,1962.0,brick,2.77,22760000.0,53.6,424626.8656716418
ALM-10074,2026-08-10,Nauryzbay,1.0,32.8,,9,2018.0,monolith,2.83,15160000.0,32.8,462195.12195121957
ALM-10416,2026-08-10,Bostandyk,4.0,87.2,1.0,9,1986.0,panel,2.51,66160000.0,87.2,758715.5963302752
ALM-11050,2026-08-11,Nauryzbay,3.0,90.7,6.0,20,2010.0,monolith,2.71,48870000.0,90.7,538809.2613009922
ALM-10631,2026-08-11,Bostandyk,3.0,74.7,6.0,9,,monolith,2.78,78000000.0,74.7,1044176.7068273092
ALM-10259,2026-08-11,Auezov,3.0,93.0,5.0,5,1988.0,panel,,48450000.0,93.0,520967.7419354839
ALM-10663,2026-08-11,Medeu,1.0,35.7,2.0,3,,brick,2.75,37860000.0,35.7,1060504.2016806721
ALM-10069,2026-08-11,Zhetysu,2.0,481.0,3.0,5,,brick,2.87,27710000.0,481.0,57609.14760914761
ALM-10797,2026-08-12,Turksib,1.0,38.4,3.0,5,1963.0,panel,2.51,18240000.0,38.4,475000.0
ALM-10731,2026-08-13,Zhetysu,2.0,54.2,5.0,5,,panel,,24690000.0,54.2,455535.0553505535
ALM-10053,2026-08-13,Zhetysu,2.0,68.3,4.0,9,1965.0,panel,2.63,37660000.0,68.3,551390.9224011713
ALM-10293,2026-08-13,Auezov,1.0,31.1,1.0,5,1986.0,panel,2.61,18670000.0,31.1,600321.5434083601
ALM-10880,2026-08-13,Turksib,3.0,81.8,3.0,4,1989.0,brick,3.16,46690000.0,81.8,570782.3960880196
ALM-10312,2026-08-14,Almaly,2.0,51.4,9.0,9,1954.0,brick,3.19,48120000.0,51.4,936186.7704280156
ALM-10154,2026-08-14,Bostandyk,2.0,60.8,9.0,12,2011.0,monolith,2.99,59160000.0,60.8,973026.3157894737
ALM-10023,2026-08-14,Medeu,3.0,66.4,5.0,5,1986.0,panel,2.58,66950000.0,66.4,1008283.1325301204
ALM-10695,2026-08-14,Medeu,3.0,80.5,,12,1972.0,panel,,70940000.0,80.5,881242.2360248447
ALM-10441,2026-08-15,Bostandyk,1.0,45.1,5.0,9,1975.0,panel,,37340000.0,45.1,827937.9157427938
ALM-10843,2026-08-15,Nauryzbay,2.0,60.8,1.0,4,2004.0,brick,3.06,26290000.0,60.8,432401.3157894737
ALM-10804,2026-08-15,Alatau,3.0,77.2,2.0,5,1980.0,panel,2.51,33800000.0,77.2,437823.83419689117
ALM-10331,2026-08-15,Auezov,2.0,58.3,3.0,3,1981.0,brick,3.14,39480000.0,58.3,677186.9639794169
ALM-10674,2026-08-16,Alatau,2.0,54.1,9.0,12,2014.0,monolith,2.85,29630000.0,54.1,547689.4639556376
ALM-10846,2026-08-16,Zhetysu,2.0,56.8,3.0,4,,brick,2.8,39730000.0,56.8,699471.8309859155
ALM-10761,2026-08-16,Nauryzbay,5.0,112.2,1.0,5,1964.0,panel,2.5,47540000.0,112.2,423707.6648841355
ALM-10349,2026-08-17,Medeu,3.0,74.6,4.0,4,,brick,3.17,80150000.0,74.6,1074396.782841823
ALM-10376,2026-08-17,Bostandyk,4.0,99.0,1.0,5,1973.0,panel,2.54,89440000.0,99.0,903434.3434343435
ALM-10352,2026-08-18,Bostandyk,3.0,62.1,6.0,9,1971.0,brick,2.89,63340000.0,62.1,1019967.7938808374
ALM-10877,2026-08-18,Almaly,1.0,40.8,20.0,20,2016.0,monolith,2.92,41570000.0,40.8,1018872.549019608
ALM-10900,2026-08-19,Medeu,1.0,39.1,21.0,25,2017.0,monolith,2.93,47340000.0,39.1,1210741.6879795396
ALM-10984,2026-08-19,Zhetysu,5.0,136.9,2.0,3,,brick,2.81,89770000.0,136.9,655734.1124908692
ALM-10733,2026-08-20,Auezov,2.0,57.0,4.0,5,1992.0,panel,2.61,28560000.0,57.0,501052.63157894736
ALM-10222,2026-08-20,,1.0,36.1,4.0,5,1966.0,panel,2.67,13920000.0,36.1,385595.567867036
ALM-10911,2026-08-20,Medeu,1.0,29.1,6.0,9,2005.0,brick,2.91,30360000.0,29.1,1043298.9690721649
ALM-11135,2026-08-20,Auezov,4.0,112.1,6.0,12,2018.0,monolith,2.95,81460000.0,112.1,726672.6137377342
ALM-10634,2026-08-20,Zhetysu,3.0,68.9,8.0,9,1971.0,panel,2.63,40720000.0,68.9,591001.4513788099
ALM-10493,2026-08-20,Auezov,2.0,50.9,7.0,9,1986.0,panel,2.6,38800000.0,50.9,762278.9783889981
ALM-11198,2026-08-21,Medeu,2.0,58.5,1.0,3,1993.0,brick,,55510000.0,58.5,948888.8888888889
ALM-10986,2026-08-21,Turksib,2.0,48.1,4.0,25,2020.0,monolith,2.73,25000000.0,48.1,519750.5197505197
ALM-10870,2026-08-21,Turksib,4.0,89.5,3.0,9,1969.0,panel,2.69,45750000.0,89.5,511173.1843575419
ALM-10938,2026-08-21,Medeu,5.0,133.0,1.0,9,2013.0,monolith,2.93,167850000.0,133.0,1262030.07518797
ALM-10028,2026-08-21,Almaly,3.0,70.7,7.0,9,1976.0,panel,2.62,57280000.0,70.7,810183.8755304102
ALM-10599,2026-08-22,Almaly,2.0,55.1,3.0,12,1986.0,panel,2.68,43980000.0,55.1,798185.1179673321
ALM-10958,2026-08-22,Turksib,3.0,75.3,-1.0,5,1974.0,panel,2.67,42320000.0,75.3,562018.5922974768
ALM-10801,2026-08-22,Bostandyk,5.0,109.3,1.0,9,1964.0,panel,,98200000.0,109.3,898444.6477584629
ALM-10300,2026-08-22,Bostandyk,1.0,36.5,3.0,4,1968.0,brick,3.15,36250000.0,36.5,993150.6849315069
ALM-11145,2026-08-23,Auezov,3.0,82.4,4.0,4,1957.0,brick,2.83,49430000.0,82.4,599878.640776699
ALM-10784,2026-08-23,Auezov,3.0,97.4,3.0,16,2021.0,monolith,2.98,77850000.0,97.4,799281.3141683778
ALM-10569,2026-08-23,Zhetysu,1.0,42.6,8.0,12,,panel,,25660000.0,42.6,602347.4178403756
ALM-10845,2026-08-23,Nauryzbay,2.0,59.8,6.0,9,,brick,3.01,32240000.0,59.8,539130.4347826088
ALM-10298,2026-08-23,Bostandyk,2.0,51.1,13.0,20,2007.0,monolith,3.0,49800000.0,51.1,974559.686888454
ALM-11175,2026-08-24,Nauryzbay,2.0,48.3,25.0,25,2016.0,monolith,2.92,24480000.0,48.3,506832.298136646
ALM-10290,2026-08-24,Auezov,1.0,33.4,3.0,3,1978.0,brick,3.18,20470000.0,33.4,612874.251497006
ALM-10611,2026-08-24,Zhetysu,1.0,36.3,5.0,25,2006.0,monolith,2.78,24120000.0,36.3,664462.8099173554
ALM-10817,2026-08-24,Medeu,2.0,59.4,5.0,9,1971.0,panel,2.65,56440000.0,59.4,950168.3501683502
ALM-10659,2026-08-24,Turksib,2.0,544.0,1.0,3,1999.0,brick,2.74,25030000.0,544.0,46011.029411764706
ALM-10781,2026-08-25,Almaly,2.0,56.8,7.0,12,1991.0,panel,2.67,46800000.0,56.8,823943.661971831
ALM-10061,2026-08-25,Almaly,5.0,125.4,15.0,25,2008.0,monolith,,146480000.0,125.4,1168102.0733652313
ALM-11014,2026-08-25,Medeu,1.0,33.7,3.0,5,1992.0,panel,2.64,30610000.0,33.7,908308.6053412462
ALM-10601,2026-08-25,Nauryzbay,2.0,68.8,5.0,5,1989.0,panel,2.68,29540000.0,68.8,429360.4651162791
ALM-10844,2026-08-25,Auezov,2.0,53.4,3.0,3,1996.0,brick,2.84,34420000.0,53.4,644569.2883895132
ALM-10224,2026-08-26,Almaly,4.0,98.2,1.0,4,1996.0,brick,3.05,93640000.0,98.2,953564.1547861507
ALM-10789,2026-08-26,Turksib,3.0,87.7,3.0,5,1973.0,panel,2.59,40610000.0,87.7,463055.8722919042
ALM-10815,2026-08-26,Medeu,4.0,118.8,6.0,9,1973.0,panel,2.51,103030000.0,118.8,867255.8922558923
ALM-10852,2026-08-27,Nauryzbay,3.0,81.0,3.0,3,1999.0,brick,3.18,43290000.0,81.0,534444.4444444445
ALM-10475,2026-08-27,Zhetysu,2.0,59.8,3.0,3,1998.0,brick,2.8,35460000.0,59.8,592976.5886287625
ALM-10400,2026-08-27,Bostandyk,1.0,45.2,4.0,16,2020.0,monolith,2.87,52820000.0,45.2,1168584.0707964601
ALM-10006,2026-08-27,Almaly,2.0,55.7,4.0,12,1970.0,panel,2.5,41560000.0,55.7,746140.0359066427
ALM-10088,2026-08-27,Bostandyk,4.0,122.5,1.0,9,1964.0,panel,2.55,104610000.0,122.5,853959.1836734693
ALM-10622,2026-08-28,Alatau,3.0,75.6,4.0,25,2017.0,monolith,2.73,42430000.0,75.6,561243.3862433863
ALM-11053,2026-08-28,Auezov,2.0,53.7,1.0,16,2010.0,monolith,2.78,38290000.0,53.7,713035.3817504655
ALM-10813,2026-08-28,Turksib,4.0,118.9,1.0,9,2009.0,monolith,2.83,58410000.0,118.9,491253.1539108494
ALM-11025,2026-08-28,Nauryzbay,3.0,86.2,9.0,12,2005.0,monolith,2.85,45220000.0,86.2,524593.9675174013
ALM-11151,2026-08-28,Alatau,4.0,90.8,10.0,12,1981.0,panel,,41560000.0,90.8,457709.2511013216
ALM-10035,2026-08-29,Turksib,2.0,45.9,2.0,16,2010.0,monolith,2.7,22780000.0,45.9,496296.2962962963
ALM-10274,2026-08-29,Turksib,5.0,120.6,5.0,16,2005.0,monolith,2.8,67680000.0,120.6,561194.0298507463
ALM-10126,2026-08-29,Auezov,3.0,54.8,1.0,20,2008.0,monolith,2.97,37470000.0,54.8,683759.1240875913
ALM-10182,2026-08-30,Nauryzbay,2.0,54.9,6.0,25,2019.0,monolith,2.7,28560000.0,54.9,520218.5792349727
ALM-10898,2026-08-30,Medeu,3.0,78.1,1.0,9,1970.0,panel,2.7,84310000.0,78.1,1079513.4443021768
ALM-10317,2026-08-30,,2.0,57.8,8.0,20,2014.0,monolith,2.8,68490000.0,57.8,1184948.0968858132
ALM-10470,2026-08-31,Auezov,1.0,37.7,4.0,9,2013.0,monolith,2.79,29510000.0,37.7,782758.6206896551
ALM-10850,2026-08-31,Bostandyk,1.0,32.3,8.0,12,1969.0,panel,2.6,23760000.0,32.3,735603.7151702787
ALM-10517,2026-08-31,Alatau,2.0,53.2,5.0,25,2023.0,monolith,2.88,30120000.0,53.2,566165.4135338345
ALM-10664,2026-08-31,Medeu,2.0,46.9,9.0,9,1953.0,brick,2.91,49090000.0,46.9,1046695.0959488273
ALM-10913,2026-08-31,Turksib,1.0,33.7,1.0,5,1979.0,panel,2.53,14840000.0,33.7,440356.0830860534
ALM-10135,2026-08-31,Turksib,1.0,38.1,4.0,9,2012.0,monolith,2.99,23040000.0,38.1,604724.4094488189
